Site,Lat,Long,Dates,Year,War,State,Belligerent1,Belligerent2,Website,,,
"Mine Run (Payne's Farm, or New Hope Church VA, or the Mine Run campaign)",38.3379,-77.8187,"November 27, 1863 – December 2, 1863",1863,Civil War (1861-1865),VA,USA,CSA,https://en.wikipedia.org/wiki/Battle_of_Mine_Run,,,
"Charleston, West Virginia (1862)",38.347222,-81.633333,"September 13, 1862",1862,Civil War (1861-1865),WV,USA,CSA,https://en.wikipedia.org/wiki/Battle_of_Charleston_(1862),,,
Pearl Harbor,21.36397,-157.958963,"December 7, 1941",1941,World War II (1939-1945),HI,USA,Japan,https://en.wikipedia.org/wiki/Attack_on_Pearl_Harbor,https://www.nps.gov/valr/index.htm,https://www.history.com/topics/world-war-ii/pearl-harbor,https://www.pearlharbortours.com/blog/facts-about-pearl-harbor/
Wake Island,19.276756,166.650071,"December 8-23, 1941",1941,World War II (1939-1945),HI,USA,Japan,https://en.wikipedia.org/wiki/Battle_of_Wake_Island,https://warfarehistorynetwork.com/wp-content/uploads/An-Unsteady-Victory-at-the-Battle-of-Wake-Island-3.jpg,,
Midway Island,28.206407,-177.373278,"June 4–7, 1942",1942,World War II (1939-1945),HI,USA,Japan,https://en.wikipedia.org/wiki/Battle_of_Midway,https://www.usni.org/magazines/naval-history-magazine/2007/june/putting-midway-miracle-perspective,,
Attu Island,52.871221,172.891763,"May 11–30, 1943",1943,World War II (1939-1945),AK,USA,Japan,https://en.wikipedia.org/wiki/Battle_of_Attu,https://commons.wikimedia.org/wiki/File:Attu_battle_map_May_1943.jpg,,
Kiska Island,51.959492,177.489367,"June 6, 1942 - July 28, 1943",1943,World War II (1939-1945),AK,USA,Japan,https://en.wikipedia.org/wiki/Japanese_occupation_of_Kiska,https://www.nps.gov/articles/the-invasion-of-kiska.htm,,
Dutch Harbor,53.915988,-166.51496,"June 3–4, 1942",1942,World War II (1939-1945),AK,USA,Japan,https://en.wikipedia.org/wiki/Battle_of_Dutch_Harbor,https://www.nps.gov/aleu/learn/historyculture/removal-maps.htm,https://commons.wikimedia.org/wiki/Category:Battle_of_Dutch_Harbor#/media/File:DutchHarborRaid_map.svg,
Spokane Plains,47.677867,-117.475915,"September 5, 1858",1858,Indian Wars (1609-1924),WA,USA,Native American tribes,https://en.wikipedia.org/wiki/Battle_of_Spokane_Plains,https://upload.wikimedia.org/wikipedia/commons/0/03/Battle_of_Four_Lakes_and_Battle_of_Spokane_Plains.jpg,http://historynet.com/wp-content/uploads/image/2011/MHQ/Extra%20Stuff/Wright-Incidents-LG.jpg,
Four Lakes,47.550664,-117.609874,"September 1, 1858",1858,Indian Wars (1609-1924),WA,USA,Native American tribes,https://en.wikipedia.org/wiki/Battle_of_Four_Lakes,,,
Seattle,47.601694,-122.332015,"January 26, 1856",1856,Indian Wars (1609-1924),WA,USA,Native American tribes,https://en.wikipedia.org/wiki/Battle_of_Seattle_(1856),,,
Pinecreek (Steptoe Disaster),47.0325,-117.298611,"May 17, 1858",1858,Indian Wars (1609-1924),WA,USA,Native American tribes,https://en.wikipedia.org/wiki/Battle_of_Pine_Creek,https://parks.state.wa.us/591/Steptoe-Battlefield,https://spokanehistorical.org/items/show/235,
Union Gap,46.558333,-120.490556,"November 9-10, 1855",1855,Indian Wars (1609-1924),WA,USA,Native American tribes,https://en.wikipedia.org/wiki/Battle_of_Union_Gap,https://www.historylink.org/file/10334,,
Toppenish Creek (Haller Fight),46.313767,-120.211971,"October 5, 1855",1855,Indian Wars (1609-1924),WA,USA,Native American tribes,https://en.wikipedia.org/wiki/Battle_of_Toppenish_Creek,,,
Cascades Massacre,45.653038,-121.918778,"March 26, 1856",1856,Indian Wars (1609-1924),WA,USA,Native American tribes,https://www.sos.wa.gov/archives/timeline/detail.aspx?id=19,https://historylink.org/File/5190,https://www.legendsofamerica.com/cascades-massacre-washington/,
Centralia Massacre (Armistice Day Riot) - WA,46.720556,-122.961389,"November 11, 1919",1919,Insurrections & Rebellions,WA,Industrial Workers of the World,American Legion,https://en.wikipedia.org/wiki/Centralia_massacre_(Washington),,,
Birch Creek,45.655468,-118.881843,"July 8, 1878",1878,Indian Wars (1609-1924),OR,USA,Native American tribes,http://www.forttours.com/pages/birchcreek.asp,"http://www.anishinabe-history.com/history/battle-of-birch-creek.shtml#:~:text=Battle%20of%20Birch%20Breek%20was,succeeded%20in%20driving%20them%20off.",,
Big Bend (Big Meadows),42.552234,-124.066503,"May 27-28, 1856",1856,Indian Wars (1609-1924),OR,USA,Native American tribes,https://en.wikipedia.org/wiki/Battle_of_Big_Bend,http://truwe.sohs.org/files/meadows.html,,
San Pasqual (Pascual),33.088397,-116.982876,"December 6–7, 1846",1846,Mexican War (1846-1848),CA,USA,Mexico,https://en.wikipedia.org/wiki/Battle_of_San_Pasqual,,,
Rio San Gabriel,33.992067,-118.111342,8–9 January 1847,1847,Mexican War (1846-1848),CA,USA,Mexico,https://en.wikipedia.org/wiki/Battle_of_Rio_San_Gabriel,,,
Lava Beds (Modoc),41.713889,-121.508333,"July 6, 1872 – June 4, 1873",1872,Indian Wars (1609-1924),CA,USA,Native American tribes,https://en.wikipedia.org/wiki/Modoc_War,,,
Pyramid Lake (1st & 2nd),40.057367,-119.682118,"May 12, 1860 and June 2–4, 1860",1860,Indian Wars (1609-1924),NV,USA,Native American tribes,https://en.wikipedia.org/wiki/First_Battle_of_Pyramid_Lake,https://en.wikipedia.org/wiki/Second_Battle_of_Pyramid_Lake,,
Clearwater,46.021945,-115.890888,"July 11–12, 1877",1877,Indian Wars (1609-1924),ID,USA,Native American tribes,https://en.wikipedia.org/wiki/Battle_of_the_Clearwater,,,
White Bird Canyon,45.801966,-116.287287,"June 17, 1877",1877,Indian Wars (1609-1924),ID,USA,Native American tribes,https://en.wikipedia.org/wiki/Battle_of_White_Bird_Canyon,,,
Camas Meadows,44.398056,-111.911389,"August 20, 1877",1877,Indian Wars (1609-1924),ID,USA,Native American tribes,https://en.wikipedia.org/wiki/Camas_Meadows_Battle_Sites,,,
Bear River Massacre,42.136962,-111.889484,"January 29, 1863",1863,Indian Wars (1609-1924),ID,USA,Native American tribes,https://en.wikipedia.org/wiki/Bear_River_Massacre,,,
Gunnison Massacre,39.279444,-112.777778,"October 26, 1853",1853,Indian Wars (1609-1924),UT,USA,Native American tribes,https://en.wikipedia.org/wiki/Gunnison_Massacre_Site,https://www.blm.gov/visit/gunnison-massacre-site,,
Mountain Meadows Massacre,37.475548,-113.643655,"September 7–11, 1857",1857,Insurrections & Rebellions,UT,State militia,Mormon settlers,https://en.wikipedia.org/wiki/Mountain_Meadows_Massacre,,,
Canyon de Chelly,36.134095,-109.469573,"January 12–14, 1864",1864,Indian Wars (1609-1924),AZ,USA,Native American tribes,https://en.wikipedia.org/wiki/Battle_of_Canyon_de_Chelly,,,
Fort Defiance,35.745757,-109.077478,"August 30, 1860",1860,Indian Wars (1609-1924),AZ,USA,Native American tribes,https://en.wikipedia.org/wiki/Second_Battle_of_Fort_Defiance,,,
Big Dry Wash,34.545607,-111.220193,"July 17, 1882",1882,Indian Wars (1609-1924),AZ,USA,Native American tribes,https://en.wikipedia.org/wiki/Battle_of_Big_Dry_Wash,,,
Cibecue Creek,34.044392,-110.485788,"August 30, 1881",1881,Indian Wars (1609-1924),AZ,USA,Native American tribes,https://en.wikipedia.org/wiki/Battle_of_Cibecue_Creek,,,
Salt River Canyon (Skeleton Cave),33.58182,-111.368749,"December 28, 1872",1872,Indian Wars (1609-1924),AZ,USA,Native American tribes,https://en.wikipedia.org/wiki/Battle_of_Salt_River_Canyon,,,
Camp Grant Massacre,32.8475611,-110.7033083,"April 30, 1871",1871,Indian Wars (1609-1924),AZ,USA,Native American tribes,https://en.wikipedia.org/wiki/Camp_Grant_massacre,,,
Apache Pass,32.152474,-109.481729,"July 15–16, 1862",1862,Indian Wars (1609-1924),AZ,USA,Native American tribes,https://en.wikipedia.org/wiki/Battle_of_Apache_Pass,,,
Picacho Pass,32.635898,-111.400755,"April 15, 1862",1862,Civil War (1861-1865),AZ,USA,CSA,https://en.wikipedia.org/wiki/Battle_of_Picacho_Pass,,,
"Columbus, New Mexico (1916) (Columbus Raid)",31.830833,-107.641667,"March 9, 1916",1916,Insurrections & Rebellions,NM,USA,Mexican Villistas,https://en.wikipedia.org/wiki/Battle_of_Columbus_(1916),,,
Horseshoe Canyon,31.761915,-108.780787,"April 23, 1882",1882,Indian Wars (1609-1924),NM,USA,Native American tribes,https://en.wikipedia.org/wiki/John_Schnitzer,,,
El Brazito,32.177782,-106.747112,"December 25, 1846",1846,Mexican War (1846-1848),NM,USA,Mexico,https://en.wikipedia.org/wiki/Battle_of_El_Brazito,,,
Valverde (Fort Craig),33.641129,-107.017214,"February 20–21, 1862",1862,Civil War (1861-1865),NM,USA,CSA,https://en.wikipedia.org/wiki/Battle_of_Valverde,,,
Peralta,34.817177,-106.707485,"April 14, 1862",1862,Civil War (1861-1865),NM,USA,CSA,https://en.wikipedia.org/wiki/Battle_of_Peralta,,,
Pigeon's Ranch,35.574577,-105.755257,"March 28, 1862",1862,Civil War (1861-1865),NM,USA,CSA,https://www.pecosnewmexico.com/images/businesses/attractions/Battle_of_Glorieta_Pass/NEWGlorieta-battlefield-2.pdf,https://www.nps.gov/parkhistory/online_books/pecos/pigeons-hsr/historic.pdf,,
Glorieta Pass,35.5925,-105.778144,"March 26–28, 1862",1862,Civil War (1861-1865),NM,USA,CSA,https://en.wikipedia.org/wiki/Battle_of_Glorieta_Pass,,,
La Canada,35.989855,-106.04758,"January 24, 1847",1847,Mexican War (1846-1848),NM,USA,Mexico,https://en.wikipedia.org/wiki/Battle_of_Ca%C3%B1ada,,,
El Embudo Pass,36.202307,-105.88843,"January 29, 1847",1847,Mexican War (1846-1848),NM,USA,Mexico,https://en.wikipedia.org/wiki/Battle_of_Embudo_Pass,,,
Cieneguilla,36.269675,-105.786141,"March 30, 1854",1854,Indian Wars (1609-1924),NM,USA,Native American tribes,https://en.wikipedia.org/wiki/Battle_of_Cieneguilla,,,
Ojo Caliente,36.302627,-106.045357,"April 8, 1854",1854,Indian Wars (1609-1924),NM,USA,Native American tribes,https://en.wikipedia.org/wiki/Battle_of_Ojo_Caliente_Canyon,,,
Siege of Pueblo de Taos,36.444782,-105.548231,"February 3–5, 1847",1847,Mexican War (1846-1848),NM,USA,Mexico,https://en.wikipedia.org/wiki/Siege_of_Pueblo_de_Taos,,,
Poncha Pass,38.422992,-106.087047,"September 2-3, 1779",1779,Indian Wars (1609-1924),CO,USA,Native American tribes,https://coloradocentralmagazine.com/finding-anzas-1779-battle-site/,,,
Sand Creek Massacre,38.548379,-102.51098,"November 29, 1864",1864,Indian Wars (1609-1924),CO,USA,Native American tribes,https://en.wikipedia.org/wiki/Sand_Creek_massacre,,,
Meeker Massacre,40.040322,-107.913512,"September 29–October 5, 1879",1879,Indian Wars (1609-1924),CO,USA,Native American tribes,https://en.wikipedia.org/wiki/Meeker_Massacre,,,
Milk Creek (Thornburg Fight),40.203408,-107.661764,"September 29–October 5, 1879",1879,Indian Wars (1609-1924),CO,USA,Native American tribes,https://military.wikia.org/wiki/Battle_of_Milk_Creek,https://coloradoencyclopedia.org/article/battle-milk-creek,https://www.colorado.com/historic-places-districts/milk-creek-battlefield-park,
Beecher Island (Arikaree Fork),39.87165,-102.1855,"September 17–19, 1868",1868,Indian Wars (1609-1924),CO,USA,Native American tribes,https://en.wikipedia.org/wiki/Battle_of_Beecher_Island,,,
Summit Springs,40.432778,-103.139167,"July 11, 1869",1869,Indian Wars (1609-1924),CO,USA,Native American tribes,https://en.wikipedia.org/wiki/Battle_of_Summit_Springs,,,
Julesburg,40.98812,-102.262617,"January 7, 1865",1865,Indian Wars (1609-1924),CO,USA,Native American tribes,https://en.wikipedia.org/wiki/Battle_of_Julesburg,,,
Grattan Massacre,42.132222,-104.405694,"August 19, 1854",1854,Indian Wars (1609-1924),WY,USA,Native American tribes,https://en.wikipedia.org/wiki/Grattan_massacre,,,
Platte Bridge (Platte Bridge Station),42.836521,-106.370657,"July 26, 1865",1865,Indian Wars (1609-1924),WY,USA,Native American tribes,https://en.wikipedia.org/wiki/Battle_of_Platte_Bridge,,,
Dull Knife Fight (Battle on the Red Fork),43.754167,-106.950278,"November 25, 1876",1876,Indian Wars (1609-1924),WY,USA,Native American tribes,https://en.wikipedia.org/wiki/Dull_Knife_Fight,,,
Wagon Box Fight,44.558384,-106.898288,"August 2, 1867",1867,Indian Wars (1609-1924),WY,USA,Native American tribes,https://en.wikipedia.org/wiki/Wagon_Box_Fight,,,
Fetterman Massacre (Hundred Slain),44.571493,-106.841111,"December 21, 1866",1866,Indian Wars (1609-1924),WY,USA,Native American tribes,https://en.wikipedia.org/wiki/Fetterman_Fight,,,
Tongue River (Connor Battle),46.409494,-105.866734,"August 29, 1865",1865,Indian Wars (1609-1924),WY,USA,Native American tribes,https://en.wikipedia.org/wiki/Battle_of_the_Tongue_River,,,
Tongue River Massacre of 1820,46.40615,-105.8664987,"December 24, 1904",1820,Indian Wars (1609-1924),WY,Crow Tribe,Cheyenne & Lakota tribes,https://en.wikipedia.org/wiki/Tongue_River_Massacre_(1820),,,
Big Hole,45.6475,-113.650833,"August 9–10, 1877",1877,Indian Wars (1609-1924),MT,USA,Native American tribes,https://en.wikipedia.org/wiki/Battle_of_the_Big_Hole,https://www.nps.gov/biho/index.htm,,
Bear Paw Mountain,48.377201,-109.212603,"September 30 – October 5, 1877",1877,Indian Wars (1609-1924),MT,USA,Native American tribes,https://en.wikipedia.org/wiki/Battle_of_Bear_Paw,https://www.nps.gov/nepe/learn/historyculture/bear-paw-battlefield-history.htm,,
Canyon Creek,45.769167,-108.813611,"September 13, 1877",1877,Indian Wars (1609-1924),MT,USA,Native American tribes,https://en.wikipedia.org/wiki/Battle_of_Canyon_Creek,https://www.nps.gov/nepe/learn/historyculture/canyon-creek-history.htm,,
Hayfield Fight,45.335153,-107.867645,"August 1, 1867",1867,Indian Wars (1609-1924),MT,USA,Native American tribes,https://en.wikipedia.org/wiki/Hayfield_Fight,https://www.nps.gov/bica/learn/historyculture/hayfield-fight.htm,,
Rosebud (Crook-Crazy Horse Fight),45.223056,-106.997778,"June 17, 1876",1876,Indian Wars (1609-1924),MT,USA,Native American tribes,https://en.wikipedia.org/wiki/Battle_of_the_Rosebud,http://stateparks.mt.gov/rosebud-battlefield/,,
Little Big Horn (Custer's Last Stand),45.565,-107.428889,"June 25–26, 1876",1876,Indian Wars (1609-1924),MT,USA,Native American tribes,https://en.wikipedia.org/wiki/Battle_of_the_Little_Bighorn,https://www.nps.gov/libi/index.htm,,
Reno-Benteen Hill,45.522474,-107.377696,"June 25–26, 1876",1876,Indian Wars (1609-1924),MT,USA,Native American tribes,https://www.nps.gov/libi/learn/historyculture/reno-benteen-defense-site.htm,,,
Little Muddy Creek (Lame Deer Fight),45.623706,-106.666398,"May 7–8, 1877",1877,Indian Wars (1609-1924),MT,USA,Native American tribes,https://en.wikipedia.org/wiki/Battle_of_Little_Muddy_Creek,,,
Powder River Battles (Cole-Walker Battles),46.738515,-105.434223,"September 1–15, 1865",1865,Indian Wars (1609-1924),MT,USA,Native American tribes,https://en.wikipedia.org/wiki/Powder_River_Battles_(1865),,,
Powder River (Reynolds-Crazy Horse Fight),44.610669,-105.937509,"March 17, 1876",1876,Indian Wars (1609-1924),MT,USA,Native American tribes,https://en.wikipedia.org/wiki/Battle_of_Powder_River,,,
Wolf Mountain (Butte) (Tongue River),45.285867,-106.5806,"January 8, 1877",1877,Indian Wars (1609-1924),MT,USA,Native American tribes,https://en.wikipedia.org/wiki/Battle_of_Wolf_Mountain,,,
Killdeer Mountain (Tahkahokuty),47.4252,-102.9184,"July 28–29, 1864",1864,Indian Wars (1609-1924),ND,USA,Native American tribes,https://en.wikipedia.org/wiki/Battle_of_Killdeer_Mountain,,,
Fort Rice,46.513648,-100.582056,"July 28, 1865",1865,Indian Wars (1609-1924),ND,USA,Native American tribes,http://www.anishinabe-history.com/history/battle-of-fort-rice.shtml,,,
Stony Lake,46.8514,-100.1843,"July 28, 1863",1863,Indian Wars (1609-1924),ND,USA,Native American tribes,https://en.wikipedia.org/wiki/Battle_of_Stony_Lake,,,
Big Mound,47.024036,-99.629087,"July 24, 1863",1863,Indian Wars (1609-1924),ND,USA,Native American tribes,https://en.wikipedia.org/wiki/Battle_of_Big_Mound,,,
Dead Buffalo Lake,46.8961,-99.7846,"July 26, 1863",1863,Indian Wars (1609-1924),ND,USA,Native American tribes,https://en.wikipedia.org/wiki/Battle_of_Dead_Buffalo_Lake,,,
Whitestone Hill,46.1697,-98.8557,"September 3–5, 1863",1863,Indian Wars (1609-1924),ND,USA,Native American tribes,https://en.wikipedia.org/wiki/Battle_of_Whitestone_Hill,,,
Grand Coteau (North Dakota),47.983333,-101.2,"July 13-14, 1851",1851,Indian Wars (1609-1924),ND,Métis Tribe,Sioux Tribe,https://en.wikipedia.org/wiki/Battle_of_Grand_Coteau_(North_Dakota),,,
Badlands,46.8718,-103.678277,"August 7–9, 1864",1864,Indian Wars (1609-1924),ND,USA,Native American tribes,https://en.wikipedia.org/wiki/Battle_of_the_Badlands,,,
Fort Abercrombie,46.444722,-96.718611,"Sept 3-23, 1862",1862,Indian Wars (1609-1924),ND,USA,Native American tribes,https://en.wikipedia.org/wiki/Fort_Abercrombie,,,
Slim Buttes,45.543417,-103.12475,"September 9–10, 1876",1876,Indian Wars (1609-1924),SD,USA,Native American tribes,https://en.wikipedia.org/wiki/Battle_of_Slim_Buttes,,,
Wounded Knee Massacre,43.142602,-102.365238,"December 29, 1890",1890,Indian Wars (1609-1924),SD,USA,Native American tribes,https://en.wikipedia.org/wiki/Wounded_Knee_Massacre,,,
Warbonnet Creek (Hat Creek),42.927778,-103.729722,"July 17, 1876",1876,Indian Wars (1609-1924),NE,USA,Native American tribes,https://en.wikipedia.org/wiki/Battle_of_Warbonnet_Creek,,,
Fort Robinson Massacre,42.66991,-103.466739,"January 9 & 22, 1879",1879,Indian Wars (1609-1924),NE,USA,Native American tribes,https://en.wikipedia.org/wiki/Fort_Robinson_massacre,,,
Ash Hollow (Blue Water Creek) (Harney Massacre),41.298611,-102.122778,"September 2-3, 1855",1855,Indian Wars (1609-1924),NE,USA,Native American tribes,https://en.wikipedia.org/wiki/Battle_of_Ash_Hollow,,,
Plum Creek,29.883922,-97.667964,"August 12, 1840",1840,Indian Wars (1609-1924),NE,USA,Native American tribes,https://en.wikipedia.org/wiki/Battle_of_Plum_Creek,,,
Rush Creek,41.40071,-102.55552,"February 8–9, 1865",1865,Indian Wars (1609-1924),NE,USA,Native American tribes,https://en.wikipedia.org/wiki/Battle_of_Rush_Creek,,,
Crooked Creek,37.601004,-100.336781,"May 13, 1859",1859,Indian Wars (1609-1924),KS,USA,Native American tribes,https://www.legendsofamerica.com/battle-crooked-creek-kansas/,,,
Black Jack,38.761667,-95.130556,"June 2, 1856",1856,Insurrections & Rebellions,KS,Free-State Abolitionists,Proslavery forces,https://en.wikipedia.org/wiki/Battle_of_Black_Jack,,,
Pottawatomie Massacre,38.437222,-95.108889,"May 23–26, 1856",1856,Insurrections & Rebellions,KS,Free-State Abolitionists,Pro-slavery settlers,https://en.wikipedia.org/wiki/Pottawatomie_massacre,,,
Mine Creek (Osage River),38.145,-94.723333,"October 25, 1864",1864,Civil War (1861-1865),KS,USA,CSA,https://en.wikipedia.org/wiki/Battle_of_Mine_Creek,,,
Baxter Springs Massacre,37.0308,-94.735,"October 6, 1863",1863,Civil War (1861-1865),KS,USA,CSA,https://en.wikipedia.org/wiki/Battle_of_Baxter_Springs,,,
Marais des Cygnes Massacre,38.281389,-94.619722,"May 19, 1858",1858,Insurrections & Rebellions,KS,Free-State Abolitionists,Pro-slavery settlers,https://en.wikipedia.org/wiki/Marais_des_Cygnes_massacre,,,
Marais des Cygnes Battle (Trading Post),38.2552,-94.6783,"October 25, 1864",1864,Civil War (1861-1865),KS,USA,CSA,https://en.wikipedia.org/wiki/Battle_of_Marais_des_Cygnes,,,
Cabin Creek,36.48899,-95.121603,"July 1-2, 1863",1863,Civil War (1861-1865),OK,USA,CSA,https://en.wikipedia.org/wiki/Battle_of_Cabin_Creek,,,
Chustenahlah,36.3878,-96.0752,"December 26, 1861",1861,Civil War (1861-1865),OK,Pro-Union Native Americans,CSA,https://en.wikipedia.org/wiki/Battle_of_Chustenahlah,,,
Round Mountain,36.13,-96.286944,"November 19, 1861",1861,Civil War (1861-1865),OK,Pro-Union Native Americans,CSA,https://en.wikipedia.org/wiki/Battle_of_Round_Mountain,,,
Old Fort Wayne (Beattie's Prairie),36.368,-94.6478,"October 22, 1862",1862,Civil War (1861-1865),OK,USA,CSA,https://en.wikipedia.org/wiki/Battle_of_Old_Fort_Wayne,,,
Honey Springs,35.55618,-95.4699,"July 17, 1863",1863,Civil War (1861-1865),OK,USA,CSA,https://en.wikipedia.org/wiki/Battle_of_Honey_Springs,,,
Washita Massacre (Black Kettle),35.616611,-99.686556,"November 27, 1868",1868,Indian Wars (1609-1924),OK,USA,Cheyenne tribe,https://en.wikipedia.org/wiki/Battle_of_Washita_River,,,
Little Robe Creek (Antelope Hills),35.9734,-99.908025,"May 12, 1858",1858,Indian Wars (1609-1924),OK,USA & Native American tribes,Native American tribes,https://en.wikipedia.org/wiki/Battle_of_Little_Robe_Creek,,,
Soldier Spring,35.284285,-99.303038,"December 25, 1868",1868,Indian Wars (1609-1924),OK,USA,Native American tribes,https://www.okhistory.org/publications/enc/entry.php?entry=SO022,,,
First Adobe Walls,35.893683,-101.162044,"November 25, 1864",1864,Indian Wars (1609-1924),TX,USA,Native American tribes,https://en.wikipedia.org/wiki/First_Battle_of_Adobe_Walls,,,
Second Adobe Walls,35.893611,-101.161944,"June 27, 1874",1874,Indian Wars (1609-1924),TX,USA,Native American tribes,https://en.wikipedia.org/wiki/Second_Battle_of_Adobe_Walls,,,
Buffalo Wallow Fight,35.677074,-100.27211,"September 12–13, 1874",1874,Indian Wars (1609-1924),TX,USA,Native American tribes,https://www.tshaonline.org/handbook/entries/buffalo-wallow-fight,http://www.forttours.com/pages/tocbuffwallow.asp,,
North Fork (McClellan Creek),35.411613,-100.671972,"September 28, 1872",1872,Indian Wars (1609-1924),TX,USA,Native American tribes,https://en.wikipedia.org/wiki/Battle_of_the_North_Fork_of_the_Red_River,,,
Palo Duro Canyon,34.877778,-101.605556,"September 28, 1874",1874,Indian Wars (1609-1924),TX,USA,Native American tribes,https://en.wikipedia.org/wiki/Battle_of_Palo_Duro_Canyon,,,
Salt Creek Massacre (Warren Wagon Train raid),33.219217,-99.472156,"May 18, 1871",1871,Indian Wars (1609-1924),TX,USA,Native American tribes,https://en.wikipedia.org/wiki/Warren_Wagon_Train_raid,,,
Bandera Pass,29.859609,-99.1059927,"January 14, 1905",1841,Indian Wars (1609-1924),TX,Republic of Texas,Native American tribes,https://en.wikipedia.org/wiki/Battle_of_Bandera_Pass,,,
Battle Creek Fight (Surveyor's Fight),31.890742,-96.7396793,"October 8, 1838",1838,Indian Wars (1609-1924),TX,Republic of Texas,Native American tribes,https://www.tshaonline.org/handbook/entries/battle-creek-fight,,,
Tinaja de las Palmas (Rocky Ridge),31.016517,-105.023389,"July 30, 1880",1880,Indian Wars (1609-1924),TX,USA,Native American tribes,https://www.tshaonline.org/handbook/entries/tinaja-de-las-palmas-battle-of,,,
First Sabine Pass,29.7359,-93.8711,"September 24–25, 1862",1862,Civil War (1861-1865),TX,USA,CSA,https://en.wikipedia.org/wiki/First_Battle_of_Sabine_Pass,,,
Second Sabine Pass,29.720514,-93.870747,"September 8, 1863",1863,Civil War (1861-1865),TX,USA,CSA,https://en.wikipedia.org/wiki/Second_Battle_of_Sabine_Pass,,,
San Jacinto,29.748889,-95.080278,"April 21, 1836",1836,Insurrections & Rebellions,TX,Republic of Texas,Mexico,https://en.wikipedia.org/wiki/Battle_of_San_Jacinto,,,
Galveston (Second),29.339536,-94.767036,"January 1, 1863",1863,Civil War (1861-1865),TX,USA,CSA,https://en.wikipedia.org/wiki/Battle_of_Galveston,,,
Galveston Harbor (First),29.3397,-94.774,"October 4, 1862",1862,Civil War (1861-1865),TX,USA,CSA,https://en.wikipedia.org/wiki/Battle_of_Galveston_Harbor_(1862),,,
Gonzales,29.5089,-97.4478,"October 2, 1835",1835,Insurrections & Rebellions,TX,Texian Rebels,Mexico,https://en.wikipedia.org/wiki/Battle_of_Gonzales,,,
Alamo,29.425556,-98.486111,"February 23 – March 6, 1836",1836,Insurrections & Rebellions,TX,Republic of Texas,Mexico,https://en.wikipedia.org/wiki/Battle_of_the_Alamo,,,
Concepción,29.390556,-98.490278,"October 28, 1835",1835,Insurrections & Rebellions,TX,Texian Rebels,Mexico,https://en.wikipedia.org/wiki/Battle_of_Concepci%C3%B3n,,,
Medina River,29.108889,-98.539167,"August 18, 1813",1813,Insurrections & Rebellions,TX,Republican Army of the North,Royal Spanish Army,https://en.wikipedia.org/wiki/Battle_of_Medina,,,
Coleto Creek (Prairie),28.686389,-97.233889,"March 19–20, 1836",1836,Insurrections & Rebellions,TX,Republic of Texas,Mexico,https://en.wikipedia.org/wiki/Battle_of_Coleto,,,
Goliad,28.646667,-97.381667,"October 10, 1835",1835,Insurrections & Rebellions,TX,Texian Rebels,Mexico,https://en.wikipedia.org/wiki/Battle_of_Goliad,,,
Fort Esperanza,28.347353,-96.415537,"November 27–30, 1863",1863,Civil War (1861-1865),TX,USA,CSA,https://en.wikipedia.org/wiki/Battle_of_Fort_Esperanza,,,
San Patricio,27.9592,-97.773,"February 27, 1836",1836,Insurrections & Rebellions,TX,Texian Rebels,Mexico,https://en.wikipedia.org/wiki/Battle_of_San_Patricio,,,
Mier,26.426891,-99.15155,"December 25–26, 1842",1842,Insurrections & Rebellions,MX,Republic of Texas,Mexico,https://military.wikia.org/wiki/Battle_of_Mier,,,
Resaca de la Palma,25.9374,-97.4862,"May 9, 1846",1846,Mexican War (1846-1848),TX,USA,Mexico,https://en.wikipedia.org/wiki/Battle_of_Resaca_de_la_Palma,,,
Palo Alto,26.02007,-97.46538,"May 8, 1846",1846,Mexican War (1846-1848),TX,USA,Mexico,https://en.wikipedia.org/wiki/Battle_of_Palo_Alto,,,
Palmito Ranch (Palmito Hill),25.946667,-97.285278,"May 12–13, 1865",1865,Civil War (1861-1865),TX,USA,CSA,https://en.wikipedia.org/wiki/Battle_of_Palmito_Ranch,,,
Brownsville,25.94284,-97.538112,"November 2–6, 1863",1863,Civil War (1861-1865),TX,USA,CSA,https://en.wikipedia.org/wiki/Battle_of_Brownsville,,,
Monterrey,25.6822,-100.3111,"September 21–24, 1846",1846,Mexican War (1846-1848),MX,USA,Mexico,https://en.wikipedia.org/wiki/Battle_of_Monterrey,,,
Buena Vista,25.336944,-101.046389,"February 22–23, 1847",1847,Mexican War (1846-1848),MX,USA,Mexico,https://en.wikipedia.org/wiki/Battle_of_Buena_Vista,,,
Kathio (Izatys),46.166651,-93.758902,"October 15, 1904",1750,Indian Wars (1609-1924),MN,Chippewa tribe,Mdewakanton Sioux tribe,https://en.wikipedia.org/wiki/Battle_of_Kathio,,,
Rum River,45.229951,-93.375284,"July 4, 1839",1839,Indian Wars (1609-1924),MN,Ojibway tribe,Dakota tribe,"https://baldwintownship.govoffice.com/?SEC=CDD027AC-4FCA-418B-A1B6-50EE46C27E90#:~:text=The%20Battle%20of%20Rum%20River,The%20Dakota%20then%20opened%20fire.",,http://www.usdakotawarmncountybycounty.com/county/anoka-county-us-dakota-war.pdf,
Birch Coulee,44.576389,-94.974722,"September 2, 1862",1862,Indian Wars (1609-1924),MN,USA,Native American tribes,https://en.wikipedia.org/wiki/Battle_of_Birch_Coulee,,,
Wood Lake,44.701111,-95.435833,"September 23, 1862",1862,Indian Wars (1609-1924),MN,USA,Native American tribes,https://en.wikipedia.org/wiki/Battle_of_Wood_Lake,,,
Fort Ridgely,44.4511,-94.7308,"August 20–22, 1862",1862,Indian Wars (1609-1924),MN,USA,Native American tribes,https://en.wikipedia.org/wiki/Battle_of_Fort_Ridgely,,,
New Ulm (Massacre),44.313333,-94.461389,"August 19 & 23, 1862",1862,Indian Wars (1609-1924),MN,USA,Native American tribes,https://en.wikipedia.org/wiki/Battles_of_New_Ulm,,,
Credit Island,41.495833,-90.615556,"September 4–5, 1814",1814,War of 1812 (1812-1815),IA,USA,Great Britain & Native American tribes,https://en.wikipedia.org/wiki/Credit_Island,,,
Haun's Mill Massacre,39.670241,-93.839035,"October 30, 1838",1838,Insurrections & Rebellions,MO,State militia,Mormon settlers,https://en.wikipedia.org/wiki/Haun%27s_Mill_massacre,,,
Centralia Massacre - MO,39.178559,-92.108922,"September 27, 1864",1864,Civil War (1861-1865),MO,USA,CSA,https://en.wikipedia.org/wiki/Centralia_Massacre_(Missouri),,,
Marshall,39.114135,-93.220105,"October 13, 1863",1863,Civil War (1861-1865),MO,USA,CSA,https://civilwaronthewesternborder.org/timeline/battle-marshall,http://theadventuresofbillymax.blogspot.com/2016/09/battle-of-marshall-mo.html,,
Boonville,38.9765,-92.743,"June 17, 1861",1861,Civil War (1861-1865),MO,USA,CSA,https://en.wikipedia.org/wiki/Battle_of_Boonville,,,
Westport (Gettysburg of the West),39.03,-94.594444,"October 23, 1864",1864,Civil War (1861-1865),MO,USA,CSA,https://en.wikipedia.org/wiki/Battle_of_Westport,,,
Independence (First),39.0938,-94.4168,"August 11, 1862",1862,Civil War (1861-1865),MO,USA,CSA,https://en.wikipedia.org/wiki/First_Battle_of_Independence,,,
Independence (Second),39.0856,-94.4412,"October 21-22, 1864",1864,Civil War (1861-1865),MO,USA,CSA,https://en.wikipedia.org/wiki/Second_Battle_of_Independence,,,
Lexington (First) (Siege of),39.1915,-93.878636,"September 13 – 20, 1861",1861,Civil War (1861-1865),MO,USA,CSA,https://en.wikipedia.org/wiki/First_Battle_of_Lexington,,,
Lexington (Second),39.183056,-93.875,"October 19, 1864",1864,Civil War (1861-1865),MO,USA,CSA,https://en.wikipedia.org/wiki/Second_Battle_of_Lexington,,,
Blackwater Creek (Milford),38.866,-93.623,"December 19, 1861",1861,Civil War (1861-1865),MO,USA,CSA,https://en.wikipedia.org/wiki/Skirmish_at_Blackwater_Creek,,,
Fort Davidson (Pilot Knob),37.6194,-90.6415,"September 27, 1864",1864,Civil War (1861-1865),MO,USA,CSA,https://en.wikipedia.org/wiki/Battle_of_Fort_Davidson,,,
St. Louis (Fort San Carlos),38.624278,-90.189222,"May 25, 1780",1780,American Revolution (1775-1783),MO,"USA, Spain",Great Britain & Native American tribes,https://en.wikipedia.org/wiki/Battle_of_St._Louis,,,
Carthage,37.1738234,-94.29908,"July 5, 1861",1861,Civil War (1861-1865),MO,USA,CSA,https://en.wikipedia.org/wiki/Engagement_near_Carthage,,,
Wilson's Creek (Oak Hills),37.101,-93.4078,"August 10, 1861",1861,Civil War (1861-1865),MO,USA,CSA,https://en.wikipedia.org/wiki/Battle_of_Wilson%27s_Creek,,,
Belmont,36.7657,-89.124,"November 7, 1861",1861,Civil War (1861-1865),MO,USA,CSA,https://en.wikipedia.org/wiki/Battle_of_Belmont,,,
New Madrid (Island Number 10),36.4588,-89.4708,"February 28, 1862 – April 8, 1862",1862,Civil War (1861-1865),MO,USA,CSA,https://en.wikipedia.org/wiki/Battle_of_Island_Number_Ten,,,
Newtonia (First),36.8836,-94.1845,"September 30, 1862",1862,Civil War (1861-1865),MO,USA,CSA,https://en.wikipedia.org/wiki/First_Battle_of_Newtonia,,,
Newtonia (Second),36.8739,-94.1903,"October 28, 1864",1864,Civil War (1861-1865),MO,USA,CSA,https://en.wikipedia.org/wiki/Second_Battle_of_Newtonia,,,
Hartville,37.2511,-92.5111,"January 9-11, 1863",1863,Civil War (1861-1865),MO,USA,CSA,https://en.wikipedia.org/wiki/Battle_of_Hartville,,,
"Charleston, Missouri (1861) (Bird's Point)",36.921389,-89.346389,"August 19–20, 1861",1861,Civil War (1861-1865),MO,USA,CSA,https://en.wikipedia.org/wiki/Battle_of_Charleston_(1861),,,
Springfield (First),37.2035,-93.3205,"October 25, 1861",1861,Civil War (1861-1865),MO,USA,Missouri State Guard,https://en.wikipedia.org/wiki/Action_at_Springfield,,,
Springfield (Second),37.195,-93.3021,"January 8, 1863",1863,Civil War (1861-1865),MO,USA,CSA,https://en.wikipedia.org/wiki/Second_Battle_of_Springfield,,,
Cahokia,38.5709605,-90.1883186,"May 25, 1780",1780,American Revolution (1775-1783),IL,"USA, Spain",Great Britain & Native American tribes,https://askinglot.com/when-did-the-battle-of-cahokia-happen,,,
Fort Dearborn,41.857778,-87.619167,"August 15, 1812",1812,War of 1812 (1812-1815),IL,USA,Native American tribes,https://en.wikipedia.org/wiki/Battle_of_Fort_Dearborn,,,
Bad Axe (Massacre),43.459167,-91.218056,"August 1–2, 1832",1832,Indian Wars (1609-1924),WI,USA,Native American tribes,https://en.wikipedia.org/wiki/Battle_of_Bad_Axe,,,
Wisconsin Heights,43.234167,-89.739444,"July 21, 1832",1832,Indian Wars (1609-1924),WI,USA,Native American tribes,https://en.wikipedia.org/wiki/Battle_of_Wisconsin_Heights,,,
"Huntsville, Arkansas (Massacre)",36.087611,-93.736622,"January 10, 1863",1863,Civil War (1861-1865),AR,USA,CSA,https://en.wikipedia.org/wiki/Huntsville_massacre,,,
Pea Ridge (Elkhorn Tavern),36.454389,-94.034694,"March 7 – 8, 1862",1862,Civil War (1861-1865),AR,USA,CSA,https://en.wikipedia.org/wiki/Battle_of_Pea_Ridge,,,
Prairie Grove,35.993056,-94.307778,"December 7, 1862",1862,Civil War (1861-1865),AR,USA,CSA,https://en.wikipedia.org/wiki/Battle_of_Prairie_Grove,,,
Plum Point Bend (Fort Pillow naval battle),35.700948,-89.940407,"May 10, 1862",1862,Civil War (1861-1865),AR-TN,USA,CSA,https://en.wikipedia.org/wiki/Fort_Pillow_naval_battle,,,
Helena,34.526111,-90.596944,"July 4, 1863",1863,Civil War (1861-1865),AR,USA,CSA,https://en.wikipedia.org/wiki/Battle_of_Helena,"https://en.wikipedia.org/wiki/Civil_War_batteries_of_Helena,_Arkansas",,
Saint Charles,34.371547,-91.126083,"June 17, 1862",1862,Civil War (1861-1865),AR,USA,CSA,https://en.wikipedia.org/wiki/Battle_of_Saint_Charles,,,
Pine Bluff,34.229556,-92.003444,"October 25, 1863",1863,Civil War (1861-1865),AR,USA,CSA,https://en.wikipedia.org/wiki/Battle_of_Pine_Bluff,,,
Jenkin's Ferry,34.213167,-92.547389,"April 30, 1864",1864,Civil War (1861-1865),AR,USA,CSA,https://en.wikipedia.org/wiki/Battle_of_Jenkins%27_Ferry,,,
Battle of Arkansas Post (1783) (Colbert Raid),34.016932,-91.345222,"April 17, 1783",1783,American Revolution (1775-1783),AR,Spain,Great Britain & Native American tribes,https://en.wikipedia.org/wiki/Battle_of_Arkansas_Post_(1783),,,
Battle of Arkansas Post (1863) (Fort Hindman),34.020919,-91.34797,"January 9 – 11, 1863",1863,Civil War (1861-1865),AR,USA,CSA,https://en.wikipedia.org/wiki/Battle_of_Arkansas_Post_(1863),,,
Marks' Mills,33.781028,-92.256917,"April 25, 1864",1864,Civil War (1861-1865),AR,USA,CSA,https://en.wikipedia.org/wiki/Battle_of_Marks%27_Mills,https://en.wikipedia.org/wiki/Marks%27_Mills_Battleground_State_Park,,
Poison Spring,33.638806,-93.004333,"April 18, 1864",1864,Civil War (1861-1865),AR,USA,CSA,https://en.wikipedia.org/wiki/Battle_of_Poison_Spring,,,
Mansfield (Sabine Crossroads),32.0121,-93.6652,"April 8, 1864",1864,Civil War (1861-1865),LA,USA,CSA,https://en.wikipedia.org/wiki/Battle_of_Mansfield,,,
Pleasant Hill,31.851,-93.51,"April 9, 1864",1864,Civil War (1861-1865),LA,USA,CSA,https://en.wikipedia.org/wiki/Battle_of_Pleasant_Hill,,,
Blair's Landing,31.941,-93.289,"April 12-13, 1864",1864,Civil War (1861-1865),LA,USA,CSA,https://en.wikipedia.org/wiki/Battle_of_Blair%27s_Landing,,,
Monett's Ferry (Cane River Crossing),31.498,-92.857,"April 23, 1864",1864,Civil War (1861-1865),LA,USA,CSA,https://en.wikipedia.org/wiki/Battle_of_Monett%27s_Ferry,,,
Henderson's Hill,31.356443,-92.710146,"March 21, 1864",1864,Civil War (1861-1865),LA,USA,CSA,http://www.acadiansingray.com/photo%20gallery-henderson's-hill.htm,http://thesouthsdefender.blogspot.com/2014/03/150-years-ago-battle-of-henderson-hill.html,,
Fort De Russy,31.1838,-92.05436,"March 14, 1864",1864,Civil War (1861-1865),LA,USA,CSA,https://en.wikipedia.org/wiki/Battle_of_Fort_De_Russy,,,
Yellow Bayou,30.9985,-91.8668,"May 18, 1864",1864,Civil War (1861-1865),LA,USA,CSA,https://en.wikipedia.org/wiki/Battle_of_Yellow_Bayou,,,
Port Hudson (Siege of),30.693889,-91.276389,"May 22 – July 9, 1863",1863,Civil War (1861-1865),LA,USA,CSA,https://en.wikipedia.org/wiki/Siege_of_Port_Hudson,,,
Battle of Baton Rouge (1779),30.45,-91.1333,"September 12–21, 1779",1779,American Revolution (1775-1783),LA,Spain,Great Britain & Mercenaries,https://en.wikipedia.org/wiki/Battle_of_Baton_Rouge_(1779),,,
Battle of Baton Rouge (1862),30.451,-91.1676,"August 5, 1862",1862,Civil War (1861-1865),LA,USA,CSA,https://en.wikipedia.org/wiki/Battle_of_Baton_Rouge_(1862),,,
Bayou Bourbeux (Grand Coteau) (Boggy Creek),30.4125,-92.089722,"November 3, 1863",1863,Civil War (1861-1865),LA,USA,CSA,https://en.wikipedia.org/wiki/Battle_of_Bayou_Bourbeux,,,
Irish Bend (Nerson’s Woods or Franklin),29.8116,-91.4615,"April 14, 1863",1863,Civil War (1861-1865),LA,USA,CSA,https://en.wikipedia.org/wiki/Battle_of_Irish_Bend,,,
New Orleans (Capture of 1862) ,29.9575,-90.063056,"April 25 – May 1, 1862",1862,Civil War (1861-1865),LA,USA,CSA,https://en.wikipedia.org/wiki/Capture_of_New_Orleans,,,
New Orleans (Chalmette 1815) ,29.9425,-89.990833,"January 8, 1815",1815,War of 1812 (1812-1815),LA,USA,Great Britain,https://en.wikipedia.org/wiki/Battle_of_New_Orleans,,,
Lake Borgne,30.164444,-89.437222,"December 14, 1814",1814,War of 1812 (1812-1815),LA,USA,Great Britain,https://en.wikipedia.org/wiki/Battle_of_Lake_Borgne,,,
Fort St. Philip (Siege of 1815),29.364607,-89.462904,"January 9–18, 1815",1815,War of 1812 (1812-1815),LA,USA,Great Britain,https://en.wikipedia.org/wiki/Siege_of_Fort_St._Philip_(1815),,,
Fort Jackson & Fort St. Philip,29.3573,-89.4594,"April 18-28, 1862",1862,Civil War (1861-1865),LA,USA,CSA,https://en.wikipedia.org/wiki/Battle_of_Forts_Jackson_and_St._Philip,,,
"Richmond, Louisiana",32.3879,-91.182229,"June 15, 1863",1863,Civil War (1861-1865),LA,USA,CSA,"https://en.wikipedia.org/wiki/Battle_of_Richmond,_Louisiana",,,
Fort Mackinac (Siege of),45.786667,-84.735978,"July 17, 1812",1812,War of 1812 (1812-1815),MI,USA,Great Britain,https://en.wikipedia.org/wiki/Siege_of_Fort_Mackinac,https://en.wikipedia.org/wiki/Fort_Michilimackinac_State_Park,https://www.mywarof1812.com/battles/120717-fort-mackinac.html,
Detroit (Siege of),42.33,-83.0487,"August 15–16, 1812",1812,War of 1812 (1812-1815),MI,USA,Great Britain & Native American tribes,https://en.wikipedia.org/wiki/Siege_of_Detroit,,,
Maguaga,42.13609,-83.18285,"August 9, 1812",1812,War of 1812 (1812-1815),MI,USA,Great Britain & Native American tribes,https://en.wikipedia.org/wiki/Battle_of_Maguaga,,,
Frenchtown (River Raisin Massacre),41.913611,-83.378333,"January 18–23, 1813",1813,War of 1812 (1812-1815),MI,USA,Great Britain & Native American tribes,https://en.wikipedia.org/wiki/Battle_of_Frenchtown,,,
River Raisin (First & Second),41.9111605,-83.3767479,"January 18 & 22, 1813",1813,War of 1812 (1812-1815),MI,USA,Great Britain & Native American tribes,https://en.wikipedia.org/wiki/Battle_of_Frenchtown,,,
Lake Erie (Put-in-Bay),41.662222,-82.825,"September 10, 1813",1813,War of 1812 (1812-1815),OH,USA,Great Britain & Native American tribes,https://en.wikipedia.org/wiki/Battle_of_Lake_Erie,,,
Fort Stephenson,41.346111,-83.115278,"August 2, 1813",1813,War of 1812 (1812-1815),OH,USA,Great Britain & Native American tribes,https://en.wikipedia.org/wiki/Battle_of_Fort_Stephenson,,,
Fallen Timbers,41.544167,-83.6975,"August 20, 1794",1794,Indian Wars (1609-1924),OH,USA,Great Britain & Native American tribes,https://en.wikipedia.org/wiki/Battle_of_Fallen_Timbers,,,
Fort Meigs (Siege of),41.5525,-83.650556,"April 28, 1813 – May 9, 1813",1813,War of 1812 (1812-1815),OH,USA,Great Britain & Native American tribes,https://en.wikipedia.org/wiki/Siege_of_Fort_Meigs,,,
Battle of Sandusky (Crawford's Defeat),40.9199,-83.3292,"June 4-5, 1782",1782,American Revolution (1775-1783),OH,USA,Great Britain & Native American tribes,https://en.wikipedia.org/wiki/Crawford_expedition,https://historicalmarkerproject.com/markers/HMDER_colonel-william-crawford-the-1782-sandusky-campaign_Carey-OH.html,,
Battle of Olentangy,40.7703,-82.8944,"June 6, 1782",1782,American Revolution (1775-1783),OH,USA,Great Britain & Native American tribes,https://en.wikipedia.org/wiki/Crawford_expedition,https://www.hmdb.org/m.asp?m=21153,,
Salineville,40.620556,-80.901667,"July 26, 1863",1863,Civil War (1861-1865),OH,USA,CSA,https://en.wikipedia.org/wiki/Battle_of_Salineville,,,
St. Clair's Defeat (Wabash) (A Thousand Slain),40.3571,-84.7628,"November 4, 1791",1791,Indian Wars (1609-1924),OH,USA,Native American tribes,https://en.wikipedia.org/wiki/St._Clair%27s_defeat,,,
Harmar's Defeat (Kekionga) (Miami Towns) (Maumee),41.088611,-85.123889,"October 19-22, 1790",1790,Indian Wars (1609-1924),IN,USA,Native American tribes,https://en.wikipedia.org/wiki/Josiah_Harmar#Harmar's_Defeat,https://archfw.org/heritagetrail/kekionga/the-battle-of-kekionga/,https://en.wikipedia.org/wiki/Harmar_campaign,
Tippecanoe,40.506,-86.845,"November 7, 1811",1811,Indian Wars (1609-1924),IN,USA,Native American tribes,https://en.wikipedia.org/wiki/Battle_of_Tippecanoe,,,
Mississinewa (Mississineway),40.640643,-85.733048,"December 17–18, 1812",1812,War of 1812 (1812-1815),IN,USA,Miami tribe,https://en.wikipedia.org/wiki/Battle_of_the_Mississinewa,,,
Fort Harrison,39.508611,-87.411111,"September 4–15, 1812",1812,War of 1812 (1812-1815),IN,USA,Native American tribes,"https://en.wikipedia.org/wiki/Fort_Harrison,_Indiana",,,
Lochry's Defeat (Lochry Massacre),39.058611,-84.906389,"August 24, 1781",1781,American Revolution (1775-1783),IN,USA,Great Britain & Native American tribes,https://en.wikipedia.org/wiki/Lochry%27s_Defeat,,,
Fort Vincennes (Fort Sackville),38.679194,-87.535594,"February 23–25, 1779",1779,American Revolution (1775-1783),IN,"USA, Native American tribes",Great Britain & Native American tribes,https://en.wikipedia.org/wiki/Siege_of_Fort_Vincennes,,,
Blue Licks,38.428408,-83.994647,"August 19, 1782",1782,American Revolution (1775-1783),KY,Kentucky Militia,Great Britain & Native American tribes,https://en.wikipedia.org/wiki/Battle_of_Blue_Licks,,,
Boonesborough (Siege of),37.899778,-84.265667,"September 7–18, 1778",1778,American Revolution (1775-1783),KY,"USA, Kentucky Settlers",Great Britain & Native American tribes,https://en.wikipedia.org/wiki/Siege_of_Boonesborough,,,
Cynthiana (First),38.384322,-84.302138,"July 17, 1862",1862,Civil War (1861-1865),KY,USA,CSA,https://www.cynthianademocrat.com/content/first-battle-cynthiana-150th-anniversary-month,,,
Cynthiana (Second),38.407,-84.3056,"June 11–12, 1864",1864,Civil War (1861-1865),KY,USA,CSA,https://en.wikipedia.org/wiki/Battle_of_Cynthiana,,,
Mount Sterling,38.0569,-83.9431,"June 8–9, 1864",1864,Civil War (1861-1865),KY,USA,CSA,https://en.wikipedia.org/wiki/Battle_of_Mount_Sterling,,,
"Richmond, Kentucky",37.6848,-84.2594,"August 29–30, 1862",1862,Civil War (1861-1865),KY,USA,CSA,https://en.wikipedia.org/wiki/Battle_of_Richmond,https://madisoncountyky.us/index.php/the-battle-of-richmond,https://www.battlefields.org/learn/civil-war/battles/richmond,https://www.historynet.com/battle-of-richmond
Camp Wildcat (Wild Cat) (Wildcat Mountain),37.261944,-84.200278,"October 21, 1861",1861,Civil War (1861-1865),KY,USA,CSA,https://en.wikipedia.org/wiki/Battle_of_Camp_Wildcat,http://www.wildcatbattlefield.org/battle.html,,
Middle Creek (Prestonburg),37.6507,-82.8147,"January 10, 1862",1862,Civil War (1861-1865),KY,USA,CSA,https://en.wikipedia.org/wiki/Battle_of_Middle_Creek,,,
Perryville (Chaplin Hills),37.675278,-84.971111,"October 8, 1862",1862,Civil War (1861-1865),KY,USA,CSA,https://en.wikipedia.org/wiki/Battle_of_Perryville,https://en.wikipedia.org/wiki/Perryville_Battlefield_State_Historic_Site,,
Munfordville (Green River),37.2622,-85.8901,"September 14-17, 1862",1862,Civil War (1861-1865),KY,USA,CSA,https://en.wikipedia.org/wiki/Battle_of_Munfordville,,,
Mill Springs (Fishing Creek) (Logan's Cross Roads),37.0562,-84.7383,"January 19, 1862",1862,Civil War (1861-1865),KY,USA,CSA,https://en.wikipedia.org/wiki/Battle_of_Mill_Springs,,,
Cumberland Gap (Capture of),36.603889,-83.673056,"June 18, 1862",1862,Civil War (1861-1865),KY-TN-VA,USA,CSA,https://en.wikipedia.org/wiki/Battle_of_the_Cumberland_Gap_(1862),,,
Cumberland Gap (Fall of),36.600828,-83.675438,"September 7–9, 1863",1863,Civil War (1861-1865),KY-TN-VA,USA,CSA,https://en.wikipedia.org/wiki/Battle_of_the_Cumberland_Gap_(1863),,,
Logan's Fort (Logan's Station),37.530487,-84.677873,May 1777,1777,American Revolution (1775-1783),KY,Kentucky Settlers,Native American tribes,https://www.battlefields.org/learn/articles/battle-logans-fort,https://www.theinteriorjournal.com/2019/05/23/the-siege-of-1777-at-logans-fort-a-success/,,
Long Run Massacre,38.182339,-85.487022,"September 13-14, 1781",1781,American Revolution (1775-1783),KY,Kentucky Militia & Settlers,Native American tribes,https://en.wikipedia.org/wiki/Long_Run_massacre,,,
Little Mountain (Estill's Defeat),38.053912,-83.937634,"March 22, 1782",1782,American Revolution (1775-1783),KY,Kentucky Militia,Native American tribes,https://en.wikipedia.org/wiki/Battle_of_Little_Mountain,https://www.findagrave.com/cemetery/2405837/estill's-defeat-cemetery/map,,
Bryan's Station,38.075867,-84.415292,"August 15–17, 1782",1782,American Revolution (1775-1783),KY,Kentucky Settlers,Native American tribes,https://en.wikipedia.org/wiki/Bryan_Station,,,
Barbourville,36.861111,-83.879444,"September 19, 1861",1861,Civil War (1861-1865),KY,USA,CSA,https://en.wikipedia.org/wiki/Battle_of_Barbourville,,,
Ivy Mountain,37.6435325,-82.7681522,"November 8, 1861",1861,Civil War (1861-1865),KY,USA,CSA,https://en.wikipedia.org/wiki/Big_Sandy_Expedition,https://explorekyhistory.ky.gov/items/show/475,,
Rowlett's Station (Woodsonville),37.2498,-85.8935,"December 17, 1861",1861,Civil War (1861-1865),KY,USA,CSA,https://en.wikipedia.org/wiki/Battle_of_Rowlett%27s_Station,,,
"Sacramento, Kentucky",37.419444,-87.261667,"December 28, 1861",1861,Civil War (1861-1865),KY,USA,CSA,https://en.wikipedia.org/wiki/Battle_of_Sacramento_(Kentucky),,,
"Augusta, Kentucky",38.770317,-84.00765,"September 27, 1862",1862,Civil War (1861-1865),KY,USA,CSA,https://en.wikipedia.org/wiki/Battle_of_Augusta_(1862),,,
New Haven,37.661667,-85.601111,"December 30, 1862",1862,Civil War (1861-1865),KY,USA,CSA,https://en.wikipedia.org/wiki/New_Haven_Battlefield_Site,,,
Somerset (Dutton's Hill),37.115,-84.596383,"March 31, 1863",1863,Civil War (1861-1865),KY,USA,CSA,https://en.wikipedia.org/wiki/Battle_of_Somerset,,,
Tebbs Bend,37.24497,-85.36394,"July 4, 1863",1863,Civil War (1861-1865),KY,USA,CSA,https://en.wikipedia.org/wiki/Battle_of_Tebbs_Bend,,,
"Lebanon, Kentucky",37.5688,-85.256767,"July 5, 1863",1863,Civil War (1861-1865),KY,USA,CSA,https://en.wikipedia.org/wiki/Battle_of_Lebanon_(Kentucky),,,
Paducah,37.0931,-88.6058,"March 25, 1864",1864,Civil War (1861-1865),KY,USA,CSA,https://en.wikipedia.org/wiki/Battle_of_Paducah,,,
Salyersville (Ivy Point Hill),37.744722,-83.080833,"April 13–14, 1864",1864,Civil War (1861-1865),KY,USA,CSA,https://en.wikipedia.org/wiki/Battle_of_Salyersville,,,
Simpsonville Massacre (Ambush at Simpsonville),38.223194,-85.366861,"January 25, 1865",1865,Civil War (1861-1865),KY,USA,CSA,https://en.wikipedia.org/wiki/5th_United_States_Colored_Cavalry_Regiment#Ambush_at_Simpsonville,https://explorekyhistory.ky.gov/items/show/35,,
Fort Williams,36.997773,-85.925732,"October 3-6, 1863",1863,Civil War (1861-1865),KY,USA,CSA,https://www.southernkentuckyfilmcommission.com/filming-locations/fort-williams-civil-war-battlefield/,https://www.cityofglasgow.org/supplemental_divisions/fort_williams.php,,
Leatherwood,37.121412,-83.088984,"October 19, 1862",1862,Civil War (1861-1865),KY,USA,CSA,https://www.battleofleatherwood.com/history.html,,,
Siege of Fort Henry (1777),40.063889,-80.725,"September 1 or  21, 1777",1777,American Revolution (1775-1783),WV,USA & Virginia Militia,Great Britain & Loyalists,https://en.wikipedia.org/wiki/Siege_of_Fort_Henry_(1777),,,
Siege of Fort Henry (1782),40.0718062,-80.724341,"September 11–13, 1782",1782,American Revolution (1775-1783),WV,USA & Virginia Militia,Great Britain & Loyalists,https://en.wikipedia.org/wiki/Siege_of_Fort_Henry_(1782),,,
Fort Henry,36.5186,-88.0391,"February 6, 1862",1862,Civil War (1861-1865),TN,USA,CSA,https://en.wikipedia.org/wiki/Battle_of_Fort_Henry,,,
Fort Donelson,36.493056,-87.856111,"February 11-16, 1862",1862,Civil War (1861-1865),TN,USA,CSA,https://en.wikipedia.org/wiki/Battle_of_Fort_Donelson,,,
Fort Pillow (Massacre),35.6324,-89.8487,"April 12, 1864",1864,Civil War (1861-1865),TN,USA,CSA,https://en.wikipedia.org/wiki/Battle_of_Fort_Pillow,,,
Memphis (First),35.1291,-90.1558,"June 6, 1862",1862,Civil War (1861-1865),TN,USA,CSA,https://en.wikipedia.org/wiki/First_Battle_of_Memphis,,,
Memphis (Second),35.1446,-90.054,"August 21, 1864",1864,Civil War (1861-1865),TN,USA,CSA,https://en.wikipedia.org/wiki/Second_Battle_of_Memphis,,,
Johnsonville,36.0708,-87.9757,"November 4–5, 1864",1864,Civil War (1861-1865),TN,USA,CSA,https://en.wikipedia.org/wiki/Battle_of_Johnsonville,,,
Parker's Cross Roads,35.793,-88.393,"December 31, 1862",1862,Civil War (1861-1865),TN,USA,CSA,https://en.wikipedia.org/wiki/Battle_of_Parker's_Cross_Roads,,,
Hartsville,36.3777,-86.1743,"December 7, 1862",1862,Civil War (1861-1865),TN,USA,CSA,https://en.wikipedia.org/wiki/Battle_of_Hartsville,,,
"Lebanon, Tennessee",36.208043,-86.291128,"May 5, 1862",1862,Civil War (1861-1865),TN,USA,CSA,https://en.wikipedia.org/wiki/Battle_of_Lebanon_(Tennessee),,,
Nashville,36.0881,-86.8098,"December 15–16, 1864",1864,Civil War (1861-1865),TN,USA,CSA,https://en.wikipedia.org/wiki/Battle_of_Nashville,,,
La Vergne,36.016189,-86.582165,"January 1, 1863",1863,Civil War (1861-1865),TN,USA,CSA,https://www.lavergnetn.gov/261/Civil-War-Heritage,https://www.rareamericana.com/pages/books/3728738/one-of-the-boys/civil-war-michigan-war-song-battle-of-lavergne,,
Crumpler's Bluff,36.674722,-76.930556,"October 3, 1862",1862,Civil War (1861-1865),TN,USA,CSA,https://en.wikipedia.org/wiki/Joint_Expedition_Against_Franklin,,,
Franklin (1863),35.914,-86.864,"April 10, 1863",1863,Civil War (1861-1865),TN,USA,CSA,https://en.wikipedia.org/wiki/Battle_of_Franklin_(1863),,,
Franklin (1864),35.9174,-86.8733,"November 30, 1864",1864,Civil War (1861-1865),TN,USA,CSA,https://en.wikipedia.org/wiki/Battle_of_Franklin_(1864),,,
Thompson's Station,35.798,-86.9063,"March 5, 1863",1863,Civil War (1861-1865),TN,USA,CSA,https://en.wikipedia.org/wiki/Battle_of_Thompson%27s_Station,,,
Spring Hill,35.7374,-86.9323,"November 29, 1864",1864,Civil War (1861-1865),TN,USA,CSA,https://en.wikipedia.org/wiki/Battle_of_Spring_Hill,,,
Shiloh (Pittsburg Landing),35.138611,-88.342222,"April 6–7, 1862",1862,Civil War (1861-1865),TN,USA,CSA,https://en.wikipedia.org/wiki/Battle_of_Shiloh,https://en.wikipedia.org/wiki/Shiloh_National_Military_Park,,
Stones River (Second Murfreesboro),35.868472,-86.430556,"December 31, 1862 – January 2, 1863",1862,Civil War (1861-1865),TN,USA,CSA,https://en.wikipedia.org/wiki/Battle_of_Stones_River,,,
Murfreesboro (First),35.847,-86.393,"July 13, 1862",1862,Civil War (1861-1865),TN,USA,CSA,https://en.wikipedia.org/wiki/First_Battle_of_Murfreesboro,,,
Hoover's Gap,35.6305,-86.2454,"June 24-26, 1863",1863,Civil War (1861-1865),TN,USA,CSA,https://en.wikipedia.org/wiki/Battle_of_Hoover's_Gap,,,
Liberty Gap,35.646084,-86.361132,"June 24-26, 1863",1863,Civil War (1861-1865),TN,USA,CSA,https://en.wikipedia.org/wiki/Battle_of_Liberty_Gap,,,
Blountville (Blountsville),36.533333,-82.326389,"September 22, 1863",1863,Civil War (1861-1865),TN,USA,CSA,https://en.wikipedia.org/wiki/Battle_of_Blountville,https://en.wikipedia.org/wiki/Knoxville_campaign,,
Rogersville,36.40705,-83.00678,"November 6, 1863",1863,Civil War (1861-1865),TN,USA,CSA,https://en.wikipedia.org/wiki/Battle_of_Rogersville,,,
Limestone Station (Telford Station),36.248889,-82.545278,"September 8, 1863",1863,Civil War (1861-1865),TN,USA,CSA,https://www.waymarking.com/waymarks/wm6QNP_Battle_of_Limestone_Station_1A113_Limestone_TN,"https://en.wikipedia.org/wiki/Telford,_Tennessee",https://www.hmdb.org/m.asp?m=83156,
Blue Springs,36.1934,-82.9373,"October 10, 1863",1863,Civil War (1861-1865),TN,USA,CSA,https://en.wikipedia.org/wiki/Battle_of_Blue_Springs,https://en.wikipedia.org/wiki/Knoxville_campaign,,
Campbell's Station,35.8846,-84.1539,"November 16, 1863",1863,Civil War (1861-1865),TN,USA,CSA,https://en.wikipedia.org/wiki/Battle_of_Campbell%27s_Station,https://en.wikipedia.org/wiki/Knoxville_campaign,,
Fort Sanders,35.9589,-83.9338,"November 29, 1863",1863,Civil War (1861-1865),TN,USA,CSA,https://en.wikipedia.org/wiki/Battle_of_Fort_Sanders,https://en.wikipedia.org/wiki/Knoxville_campaign,,
Bean's Station,36.3248,-83.369,"December 14, 1863",1863,Civil War (1861-1865),TN,USA,CSA,https://en.wikipedia.org/wiki/Battle_of_Bean%27s_Station,https://en.wikipedia.org/wiki/Knoxville_campaign,,
"Jackson, Tennessee",35.632,-88.7635,"December 19, 1862",1862,Civil War (1861-1865),TN,USA,CSA,"https://en.wikipedia.org/wiki/Battle_of_Jackson,_Tennessee",,,
Lookout Mountain,35.017,-85.342,"November 24, 1863",1863,Civil War (1861-1865),TN,USA,CSA,https://en.wikipedia.org/wiki/Battle_of_Lookout_Mountain,,,
Missionary Ridge,35.03,-85.257,"November 25, 1863",1863,Civil War (1861-1865),TN,USA,CSA,https://en.wikipedia.org/wiki/Battle_of_Missionary_Ridge,,,
Corinth (First) (Siege of),34.934,-88.522,"April 29 – May 30, 1862",1862,Civil War (1861-1865),MS,USA,CSA,https://en.wikipedia.org/wiki/Siege_of_Corinth,,,
Corinth (Second) (Battle of),34.9406,-88.5306,"October 3–4, 1862",1862,Civil War (1861-1865),MS,USA,CSA,https://en.wikipedia.org/wiki/Second_Battle_of_Corinth,,,
Iuka,34.7936,-88.2101,"September 19, 1862",1862,Civil War (1861-1865),MS,USA,CSA,https://en.wikipedia.org/wiki/Battle_of_Iuka,,,
Ogoula Tchetoka,34.321174,-88.796988,"March 25, 1736",1736,Indian Wars (1609-1924),MS,French regulars,Chickasaw tribe,https://en.wikipedia.org/wiki/Chickasaw_Campaign_of_1736,https://www.chickasaw.tv/events/the-battle-of-ogoula-tchetoka,https://mississippiencyclopedia.org/entries/chickasaw-war/,https://en.wikipedia.org/wiki/Pierre_D%27Artaguiette
Ackia (Hikki'ya'),34.275313,-88.741072,"May 26, 1736",1736,Indian Wars (1609-1924),MS,French regulars,Chickasaw tribe,https://en.wikipedia.org/wiki/Chickasaw_Campaign_of_1736,https://www.chickasaw.tv/events/the-battle-of-ackia,https://mississippiencyclopedia.org/entries/battle-of-ackia/,
Booneville,34.65505,-88.562233,"July 1, 1862",1862,Civil War (1861-1865),MS,USA,CSA,https://en.wikipedia.org/wiki/Battle_of_Booneville,,,
Brices Cross Roads (Tishomingo Creek) (Guntown),34.506111,-88.728889,"June 10, 1864",1864,Civil War (1861-1865),MS,USA,CSA,https://en.wikipedia.org/wiki/Battle_of_Brices_Cross_Roads,,,
Tupelo (Engagement at Harrisburg),34.255667,-88.737,"July 14–15, 1864",1864,Civil War (1861-1865),MS,USA,CSA,https://en.wikipedia.org/wiki/Battle_of_Tupelo,https://en.wikipedia.org/wiki/Tupelo_National_Battlefield,,
Okolona,34.0021,-88.7556,"February 22, 1864",1864,Civil War (1861-1865),MS,USA,CSA,https://en.wikipedia.org/wiki/Battle_of_Okolona,,,
Fort Pemberton,33.531052,-90.233861,"March 11, 1863",1863,Civil War (1861-1865),MS,USA,CSA,https://www.battlefields.org/visit/heritage-sites/fort-pemberton,http://aboutgreenwoodmississippi.com/fort-pemberton.html,https://en.wikipedia.org/wiki/Yazoo_Pass_expedition,https://www.mycivilwar.com/battles/630311.html
Chicksaw Bayou (Walnut Hills),32.399,-90.854,"December 26–29, 1862",1863,Civil War (1861-1865),MS,USA,CSA,https://en.wikipedia.org/wiki/Battle_of_Chickasaw_Bayou,,,
Vicksburg (Siege of),32.343611,-90.851111,"May 18 – July 4, 1863",1863,Civil War (1861-1865),MS,USA,CSA,https://en.wikipedia.org/wiki/Siege_of_Vicksburg,,,
Grand Gulf,32.029167,-91.056111,"April 29, 1863",1863,Civil War (1861-1865),MS,USA,CSA,https://en.wikipedia.org/wiki/Battle_of_Grand_Gulf,,,
Port Gibson,31.9557,-91.0228,"May 1, 1863",1863,Civil War (1861-1865),MS,USA,CSA,https://en.wikipedia.org/wiki/Battle_of_Port_Gibson,,,
Big Black River Bridge,32.3471,-90.7043,"May 17, 1863",1863,Civil War (1861-1865),MS,USA,CSA,https://en.wikipedia.org/wiki/Battle_of_Big_Black_River_Bridge,,,
Champion Hill,32.333333,-90.527778,"May 16, 1863",1863,Civil War (1861-1865),MS,USA,CSA,https://en.wikipedia.org/wiki/Battle_of_Champion_Hill,,,
Raymond,32.239167,-90.448611,"May 12, 1863",1863,Civil War (1861-1865),MS,USA,CSA,https://en.wikipedia.org/wiki/Battle_of_Raymond,,,
"Jackson, Mississippi",32.324,-90.236,"May 14, 1863",1863,Civil War (1861-1865),MS,USA,CSA,"https://en.wikipedia.org/wiki/Battle_of_Jackson,_Mississippi",,,
"Fort Massachusetts, Mississippi (Ship Island)",30.212215,-88.964162,"September 17, 1861",1861,Civil War (1861-1865),MS,USA,CSA,https://en.wikipedia.org/wiki/Ship_Island_(Mississippi),https://en.wikipedia.org/wiki/Fort_Massachusetts_(Mississippi),http://www.historyofwar.org/articles/battles_ship_island.html,
Newton's Station,32.320353,-89.162423,"April 24, 1863",1863,Civil War (1861-1865),MS,USA,CSA,https://en.wikipedia.org/wiki/Battle_of_Newton%27s_Station,,,
Fort Bowyer (First) (later Fort Morgan),30.228056,-88.023056,"September 14–16, 1814",1814,War of 1812 (1812-1815),AL,USA,Great Britain,https://en.wikipedia.org/wiki/Fort_Bowyer,https://en.wikipedia.org/wiki/Fort_Morgan_(Alabama),,
Fort Bowyer (Second) (later Fort Morgan),30.2279187,-88.0230402,"February 7–12, 1815",1815,War of 1812 (1812-1815),AL,USA,Great Britain,https://en.wikipedia.org/wiki/Fort_Bowyer,https://en.wikipedia.org/wiki/Fort_Morgan_(Alabama),,
Mobile Bay,30.241,-88.053,"August 2-23, 1864",1864,Civil War (1861-1865),AL,USA,CSA,https://en.wikipedia.org/wiki/Battle_of_Mobile_Bay,,,
Spainish Fort,30.684278,-87.916375,"March 27 – April 8, 1865",1865,Civil War (1861-1865),AL,USA,CSA,https://en.wikipedia.org/wiki/Battle_of_Spanish_Fort,,,
Fort Blakeley,30.742408,-87.927039,"April 2–9, 1865",1865,Civil War (1861-1865),AL,USA,CSA,https://en.wikipedia.org/wiki/Battle_of_Fort_Blakeley,,,
Newton,31.338639,-85.616056,"March 14, 1865",1865,Civil War (1861-1865),AL,USA,CSA,https://en.wikipedia.org/wiki/Battle_of_Newton,,,
Fort Mims Massacre,31.1805,-87.838,"August 30, 1813",1813,Indian Wars (1609-1924),AL,USA,Creek tribe,https://en.wikipedia.org/wiki/Fort_Mims_massacre,,,
Burnt Corn Creek,31.18957,-87.12587,"July 27, 1813",1813,Indian Wars (1609-1924),AL,USA,Creek tribe,https://en.wikipedia.org/wiki/Battle_of_Burnt_Corn,,,
Selma,32.424,-87.0237,"April 2, 1865",1865,Civil War (1861-1865),AL,USA,CSA,https://en.wikipedia.org/wiki/Battle_of_Selma,,,
Ebenezer Church,32.655139,-86.926333,"April 1, 1865",1865,Civil War (1861-1865),AL,USA,CSA,https://en.wikipedia.org/wiki/Battle_of_Ebenezer_Church,,,
Autossee,32.44,-85.943,"November 29, 1813",1813,Indian Wars (1609-1924),AL,USA,Creek tribe,https://en.wikipedia.org/wiki/Battle_of_Autossee,,,
Calebee Creek (Camp Defiance) (Tuckabatchee),32.405319,-85.704872,"January 27, 1814",1814,Indian Wars (1609-1924),AL,USA,Creek tribe,https://en.wikipedia.org/wiki/Battle_of_Calebee_Creek,https://www.northamericanforts.com/East/al.html#defiance,,
Horseshoe Bend (Tohopeka) (Cholocco Litabixbee),32.982222,-85.735278,"March 27, 1814",1814,Indian Wars (1609-1924),AL,USA,Creek tribe,https://en.wikipedia.org/wiki/Battle_of_Horseshoe_Bend_(1814),,,
Emuckfaw (Emuchfau) and Enotachopo Creek,32.972667,-85.736617,"January 22-24, 1814",1814,Indian Wars (1609-1924),AL,USA,Creek tribe,https://en.wikipedia.org/wiki/Battles_of_Emuckfaw_and_Enotachopo_Creek,https://www.hmdb.org/m.asp?m=45736,,
Hillabeetown,32.970856,-85.910818,"November 11, 1813",1813,Indian Wars (1609-1924),AL,USA,Creek tribe,https://accessgenealogy.com/native/indian-wars-their-cost-and-civil-expenditures.htm,,,
Talladega,33.450922,-86.168861,"November 9, 1813",1813,Indian Wars (1609-1924),AL,USA,Creek tribe,https://en.wikipedia.org/wiki/Battle_of_Talladega,,,
Tallasseehatchee (Tallushatchee),33.812333,-85.906928,"November 3, 1813",1813,Indian Wars (1609-1924),AL,USA,Creek tribe,https://en.wikipedia.org/wiki/Battle_of_Tallushatchee,,,
Bridgeport (Siege of),34.953,-85.708,"April 23, 1862",1862,Civil War (1861-1865),AL,USA,CSA,https://en.wikipedia.org/wiki/Siege_of_Bridgeport,,,
"Huntsville, Alabama",34.725397,-86.608771,"April 11, 1862",1862,Civil War (1861-1865),AL,USA,CSA,https://www.al.com/breaking/2012/04/the_civil_war_union_occupation.html,,,
Pensacola (Fort Barrancas),30.347839,-87.297561,"November 7–9, 1814",1814,War of 1812 (1812-1815),FL,USA,"Great Britain, Spain, Creek tribe",https://en.wikipedia.org/wiki/Battle_of_Pensacola_(1814),https://en.wikipedia.org/wiki/Fort_Barrancas,,
Pensacola (Siege of),30.347778,-87.297222,"March 9 – May 8, 1781",1781,American Revolution (1775-1783),FL,"France, Spain","Great Britain, Waldeck-Pyrmont",https://en.wikipedia.org/wiki/Siege_of_Pensacola,,,
Ocheesee (Apalachicola River),29.7256834,-84.98316,"December 15, 1817",1817,Indian Wars (1609-1924),FL,USA,Creek tribe,https://en.wikipedia.org/wiki/Battle_of_Ocheesee,,,
Olustee,30.216111,-82.388611,"February 20, 1864",1864,Civil War (1861-1865),FL,USA,CSA,https://en.wikipedia.org/wiki/Battle_of_Olustee,,,
St. John's Bluff,30.3852,-81.4998,"October 1–3, 1862",1862,Civil War (1861-1865),FL,USA,CSA,https://en.wikipedia.org/wiki/Battle_of_St._Johns_Bluff,,,
Cedar Creek Skirmish (Camp Mooney) (McGirt's Creek),30.31811,-81.743921,"March 1, 1864",1864,Civil War (1861-1865),FL,USA,CSA,https://en.wikipedia.org/wiki/Skirmish_at_Cedar_Creek,,,
Castillo de San Marcos (Fort Marion),29.897778,-81.311389,"March 11, 1862",1862,Civil War (1861-1865),FL,USA,CSA,https://en.wikipedia.org/wiki/Castillo_de_San_Marcos,,,
San Felasco Hammock (Newnansville),29.793918,-82.494437,"September 18, 1836",1836,Indian Wars (1609-1924),FL,USA,Seminole tribe,https://en.wikipedia.org/wiki/Battle_of_San_Felasco_Hammock,,,
Micanopy,29.505411,-82.283009,"June 9, 1836",1836,Indian Wars (1609-1924),FL,USA,Seminole tribe,https://www.waymarking.com/waymarks/WMY771_Battle_of_Micanopy,,,
Wacahootah,29.55769,-82.390923,"September 6, 1840",1840,Indian Wars (1609-1924),FL,USA,Seminole tribe,https://seminolewar.livejournal.com/120827.html,,,
Fort Drane,29.4,-82.31667,"December 31, 1835",1835,Indian Wars (1609-1924),FL,USA,Seminole tribe,http://www.fortwiki.com/Fort_Drane,https://vlp.cah.ucf.edu/vlpedia/UCF-VLP-VLPedia-Withlacoochee.pdf,,
Ouithlacoochie (Withlahoochee River),28.99164,-82.759551,"December 31, 1835",1835,Indian Wars (1609-1924),FL,USA,Seminole tribe,https://en.wikipedia.org/wiki/Battle_of_Ouithlacoochie,,,
Welika (Welaka) Pond,29.479402,-81.672578,"July 19, 1836",1836,Indian Wars (1609-1924),FL,USA,Seminole tribe,https://dragoonshistory.com/2009/01/17/welika-pond/,,,
Fort King,29.188889,-82.082222,"Decembery 28, 1835",1835,Indian Wars (1609-1924),FL,USA,Seminole tribe,https://en.wikipedia.org/wiki/Fort_King,https://floridatraveler.com/fort-king-battle/,,
Lake Monroe (Camp Monroe),28.815182,-81.262655,"February 8, 1837",1837,Indian Wars (1609-1924),FL,USA,Seminole tribe,http://battlefieldbiker.com/seminoles-attack-camp-monroe-florida-8-february-1837-2/,,,
Wahoo Swamp,28.6899,-82.22285,"November 21, 1836",1836,Indian Wars (1609-1924),FL,USA,Seminole tribe,https://en.wikipedia.org/wiki/Battle_of_Wahoo_Swamp,,,
Dade's Massacre,28.652222,-82.126667,"December 28, 1835",1835,Indian Wars (1609-1924),FL,USA,Seminole tribe,https://en.wikipedia.org/wiki/Dade_battle,,,
Fort Brooke,28.00062,-82.47368,"October 16-18, 1863",1863,Civil War (1861-1865),FL,USA,CSA,https://en.wikipedia.org/wiki/Battle_of_Fort_Brooke,https://en.wikipedia.org/wiki/Fort_Brooke,,
Lake Okeechobee,27.212622,-80.785119,"December 25, 1837",1837,Indian Wars (1609-1924),FL,USA,Seminole tribe,https://en.wikipedia.org/wiki/Battle_of_Lake_Okeechobee,,,
Loxahatchee (First - Powell's Battle),26.931888,-80.178223,"January 15, 1838",1838,Indian Wars (1609-1924),FL,USA,Seminole tribe,https://en.wikipedia.org/wiki/Battles_of_the_Loxahatchee,,,
Loxahatchee (Second - Jesup's Battle),26.931662,-80.177676,"January 24, 1838",1838,Indian Wars (1609-1924),FL,USA,Seminole tribe,https://en.wikipedia.org/wiki/Battles_of_the_Loxahatchee,,,
Caloosahatchee,26.708838,-81.792202,"July 23, 1839",1839,Indian Wars (1609-1924),FL,USA,Seminole tribe,https://www.jstor.org/stable/30140348?seq=1,,,
Fort Myers,26.639639,-81.873499,"February 25, 1865",1865,Civil War (1861-1865),FL,USA,CSA,https://civilwar.wikia.org/wiki/Battle_of_Fort_Myers,,,
Pilaklikaha (Peliklakaha Hammock),28.660474,-81.575445,"April 19, 1842",1842,Indian Wars (1609-1924),FL,USA,Seminole tribe,http://alligatorfest.org/history.html,http://seminolewars.org/wp-content/uploads/2018/05/Linnard-Memoir-to-Map.pdf,,
Fort Mose (Siege of) (Bloody Mose or Moosa),29.929334,-81.325043,"June 26, 1740",1740,French & Indian War - War of Jenkins' Ear (1739-1748),FL,Great Britain,Spain,https://en.wikipedia.org/wiki/Siege_of_Fort_Mose,,,
Fowltown,30.803537,-84.547221,"November 21 & 23, 1817",1817,Indian Wars (1609-1924),GA,USA,Seminole tribe,https://en.wikipedia.org/wiki/Battle_of_Fowltown,https://www.exploresouthernhistory.com/fowltown.html,http://southernhistory.blogspot.com/2012/07/battle-of-fowltown-decatur-county.html,https://www.waymarking.com/waymarks/WMMA5W_The_Battle_of_Fowltown
"Columbus, Georgia (1865)",32.467,-84.997,"April 16, 1865",1865,Civil War (1861-1865),GA,USA,CSA,https://en.wikipedia.org/wiki/Battle_of_Columbus_(1865),,,
Fort McAllister (First),31.89009,-81.19738,"January 27, 1863 – March 3, 1863",1863,Civil War (1861-1865),GA,USA,CSA,https://en.wikipedia.org/wiki/Battle_of_Fort_McAllister_(1863),,,
Fort McAllister (Second),31.8888,-81.1941,"December 13, 1864",1864,Civil War (1861-1865),GA,USA,CSA,https://en.wikipedia.org/wiki/Battle_of_Fort_McAllister_(1864),,,
Sunbury (Fort Morris),31.76791,-81.28119,"Januaru 6-9, 1779",1779,American Revolution (1775-1783),GA,USA,Great Britain,https://en.wikipedia.org/wiki/Fort_Morris,https://en.wikipedia.org/wiki/Fort_Morris_Historic_Site,https://www.myrevolutionarywar.com/battles/1779-skirmish/,http://www.jbrucehistory.org/American_Revolution/Brochures/Battles%20at%20Sunbury.pdf
Bloody Marsh (Fort St. Simon),31.156667,-81.379722,"July 7, 1742",1742,French & Indian War - War of Jenkins' Ear (1739-1748),GA,Great Britain,Spain,https://en.wikipedia.org/wiki/Battle_of_Bloody_Marsh,https://exploresouthernhistory.com/fortstsimons.html,,
Gully Hole Creek (Fort Frederica),31.218611,-81.384167,"July 18, 1742",1742,French & Indian War - War of Jenkins' Ear (1739-1748),GA,Great Britain,Spain,https://en.wikipedia.org/wiki/Battle_of_Gully_Hole_Creek,https://en.wikipedia.org/wiki/Fort_Frederica_National_Monument,https://www.nps.gov/fofr/learn/historyculture/battle.htm,
Fort Pulaski,32.02729,-80.89096,"April 10–11, 1862",1862,Civil War (1861-1865),GA,USA,CSA,https://en.wikipedia.org/wiki/Siege_of_Fort_Pulaski,,,
Savannah (First - Capture of) (Brewton Hill),32.050833,-81.103889,"December 29, 1778",1778,American Revolution (1775-1783),GA,USA,Great Britain,https://en.wikipedia.org/wiki/Capture_of_Savannah,,,
Savannah (Second - Siege of),32.078556,-81.100211,22 September – 16 October 1779,1779,American Revolution (1775-1783),GA,"USA, France",Great Britain,https://en.wikipedia.org/wiki/Siege_of_Savannah,,,
Savannah,32.0758736,-81.0999817,"December 21, 1864",1864,Civil War (1861-1865),GA,USA,CSA,https://en.wikipedia.org/wiki/Sherman%27s_March_to_the_Sea,,,
Brier Creek,32.811631,-81.482829,"March 3, 1779",1779,American Revolution (1775-1783),GA,USA,Great Britain,https://en.wikipedia.org/wiki/Battle_of_Brier_Creek,,,
Griswoldville,32.8695,-83.460023,"November 22, 1864",1864,Civil War (1861-1865),GA,USA,CSA,https://en.wikipedia.org/wiki/Battle_of_Griswoldville,,,
"Augusta, Georgia (Siege of) (Fort Cornwallis)",33.4774852,-81.9607712,"May 22 – June 6, 1781",1781,American Revolution (1775-1783),GA,USA,Great Britain,https://en.wikipedia.org/wiki/Siege_of_Augusta,,,
"Augusta, Georgia",38.770317,-84.00765,"September 27, 1862",1862,Civil War (1861-1865),GA,USA,CSA,https://en.wikipedia.org/wiki/Battle_of_Augusta_(1862),,,
Kettle Creek,33.690796,-82.884563,"February 14, 1779",1779,American Revolution (1775-1783),GA,USA,Great Britain,https://en.wikipedia.org/wiki/Battle_of_Kettle_Creek,,,
Orchard Knob,35.039234,-85.273452,"November 23, 1863",1863,Civil War (1861-1865),GA,USA,CSA,https://www.nps.gov/chch/learn/historyculture/orchard-knob.htm,,,
Chickamauga,34.9176,-85.2606,"September 18–20, 1863",1863,Civil War (1861-1865),GA,USA,CSA,https://en.wikipedia.org/wiki/Battle_of_Chickamauga,https://www.nps.gov/chch/learn/historyculture/battle-of-chickamauga.htm,,
Dalton (First),34.8031,-85.0124,"February 22-27, 1864",1864,Civil War (1861-1865),GA,USA,CSA,https://en.wikipedia.org/wiki/First_Battle_of_Dalton,,,
Dalton (Second),34.7889,-84.9807,"August 14-15, 1864",1864,Civil War (1861-1865),GA,USA,CSA,https://en.wikipedia.org/wiki/Second_Battle_of_Dalton,,,
Rocky Face Ridge,34.74105,-85.01568,"May 7-13, 1864",1864,Civil War (1861-1865),GA,USA,CSA,https://en.wikipedia.org/wiki/Battle_of_Rocky_Face_Ridge,,,
Resaca,34.5815,-84.9385,"May 13-15, 1864",1864,Civil War (1861-1865),GA,USA,CSA,https://en.wikipedia.org/wiki/Battle_of_Resaca,,,
Rome Cross Roads,34.533017,-84.9364,"May 16-17, 1864",1864,Civil War (1861-1865),GA,USA,CSA,https://en.wikipedia.org/wiki/Battle_of_Rome_Cross_Roads,,,
Adairsville (Cassville),34.4083,-84.9389,"May 17, 1864",1864,Civil War (1861-1865),GA,USA,CSA,https://en.wikipedia.org/wiki/Battle_of_Adairsville,,,
"New Hope Church, Georgia",33.961,-84.7875,"May 25–26, 1864",1864,Civil War (1861-1865),GA,USA,CSA,https://en.wikipedia.org/wiki/Battle_of_New_Hope_Church,,,
Pickett's Mill,33.975,-84.759,"May 27, 1864",1864,Civil War (1861-1865),GA,USA,CSA,https://en.wikipedia.org/wiki/Battle_of_Pickett's_Mill,,,
Dallas,33.9127,-84.828,"May 26-June 4, 1864",1864,Civil War (1861-1865),GA,USA,CSA,https://en.wikipedia.org/wiki/Battle_of_Dallas,,,
Kolb's Farm,33.91037,-84.59714,"June 22, 1864",1864,Civil War (1861-1865),GA,USA,CSA,https://en.wikipedia.org/wiki/Battle_of_Kolb%27s_Farm,https://www.battlefields.org/learn/maps/kennesaw-mountain-kolbs-farm-june-22-1864,,
Kennesaw Mountain,33.9363,-84.5979,"June 27, 1864",1864,Civil War (1861-1865),GA,USA,CSA,https://en.wikipedia.org/wiki/Battle_of_Kennesaw_Mountain,,,
Peachtree Creek,33.8109,-84.4038,"July 20, 1864",1864,Civil War (1861-1865),GA,USA,CSA,https://en.wikipedia.org/wiki/Battle_of_Peachtree_Creek,,,
Atlanta,33.7459,-84.3488,"July 22, 1864",1864,Civil War (1861-1865),GA,USA,CSA,https://en.wikipedia.org/wiki/Battle_of_Atlanta,,,
Ezra Church (Ezra Chapel) (Poor House),33.752778,-84.439167,"July 28, 1864",1864,Civil War (1861-1865),GA,USA,CSA,https://en.wikipedia.org/wiki/Battle_of_Ezra_Church,,,
Jonesborough (Jonesboro),33.5307,-84.3621,"August 31, 1864 – September 1, 1864",1864,Civil War (1861-1865),GA,USA,CSA,https://en.wikipedia.org/wiki/Battle_of_Jonesborough,https://dlg.usg.edu/records?utf8=%E2%9C%93&search_field=both&q=jonesboro&collection_record_id=dlg_ghm,https://www.gpb.org/georgiastories/stories/battle_of_jonesboro,
Lovejoy's Station,33.4441,-84.3084,"August 20, 1864",1864,Civil War (1861-1865),GA,USA,CSA,https://en.wikipedia.org/wiki/Battle_of_Lovejoy%27s_Station,,,
Port Royal (Fort Walker & Fort Beauregard),32.25,-80.66,"November 3–7, 1861",1861,Civil War (1861-1865),SC,USA,CSA,https://en.wikipedia.org/wiki/Battle_of_Port_Royal,,,
Beaufort (Port Royal Island),32.500278,-80.743611,"February 3, 1779",1779,American Revolution (1775-1783),SC,USA,Great Britain,https://en.wikipedia.org/wiki/Battle_of_Beaufort,,,
Honey Hill,32.486,-80.9343,"November 30, 1864",1864,Civil War (1861-1865),SC,USA,CSA,https://en.wikipedia.org/wiki/Battle_of_Honey_Hill,,,
Secessionville,32.703889,-79.948056,"June 16, 1862",1862,Civil War (1861-1865),SC,USA,CSA,https://en.wikipedia.org/wiki/Battle_of_Secessionville,,,
Grimball's Landing,32.698,-79.983,"July 16, 1863",1863,Civil War (1861-1865),SC,USA,CSA,https://en.wikipedia.org/wiki/Battle_of_Grimball%27s_Landing,,,
Fort Wagner (First),32.7278234,-79.8760926,"July 10-11, 1863",1863,Civil War (1861-1865),SC,USA,CSA,https://en.wikipedia.org/wiki/First_Battle_of_Fort_Wagner,,,
Fort Wagner (Second) (Battery Wagner) (Assault on Morris Island),32.73,-79.871111,"July 18, 1863",1863,Civil War (1861-1865),SC,USA,CSA,https://en.wikipedia.org/wiki/Second_Battle_of_Fort_Wagner,,,
Fort Sumter,32.752222,-79.874722,"April 12–13, 1861",1861,Civil War (1861-1865),SC,USA,CSA,https://en.wikipedia.org/wiki/Battle_of_Fort_Sumter,,,
Fort Sumter (Second),32.7524,-79.8749,"September 7-8, 1863",1863,Civil War (1861-1865),SC,USA,CSA,https://en.wikipedia.org/wiki/Second_Battle_of_Fort_Sumter,,,
Sullivan's Island (Fort Moultrie later Fort Sullivan),32.759,-79.8579,"June 28, 1776",1776,American Revolution (1775-1783),SC,USA,Great Britain,https://en.wikipedia.org/wiki/Battle_of_Sullivan's_Island,,,
"Charleston, South Carolina (Siege of)",32.7942,-79.942017,"March 29, 1780 – May 12, 1780",1780,American Revolution (1775-1783),SC,"USA, France","Great Britain, Hesse-Kassel",https://en.wikipedia.org/wiki/Siege_of_Charleston,,,
Lefebvre's Charles Town expedition,32.75,-79.97,September 1706,1706,French & Indian War - Queen Anne's War (1702–1713),SC,"Spain, France",England,https://en.wikipedia.org/wiki/Lefebvre%27s_Charles_Town_expedition,,,
Charleston Harbor (First),32.7526,-79.8745,"April 7, 1863",1863,Civil War (1861-1865),SC,USA,CSA,https://en.wikipedia.org/wiki/First_Battle_of_Charleston_Harbor,,,
Charleston Harbor (Second),32.7524,-79.8749,"July 18, 1863 – September 7, 1863",1863,Civil War (1861-1865),SC,USA,CSA,https://en.wikipedia.org/wiki/Second_Battle_of_Charleston_Harbor,,,
Eutaw Springs,33.40728,-80.29875,"September 8, 1781",1781,American Revolution (1775-1783),SC,USA,Great Britain,https://en.wikipedia.org/wiki/Battle_of_Eutaw_Springs,,,
Savage's Old Fields,34.146944,-82.024444,"November 19–21, 1775",1775,American Revolution (1775-1783),SC,SC Patriots,SC Loyalists,https://en.wikipedia.org/wiki/Siege_of_Savage%27s_Old_Fields,,,
Ninety Six (Siege of),34.1467188,-82.0235682,"May 22 – June 19, 1781",1781,American Revolution (1775-1783),SC,USA,SC Loyalists,https://en.wikipedia.org/wiki/Siege_of_Ninety-Six,,,
Camden,34.364553,-80.6139,"August 16, 1780",1780,American Revolution (1775-1783),SC,USA,Great Britain,https://en.wikipedia.org/wiki/Battle_of_Camden,,,
Hobkirk's Hill,34.274444,-80.607222,"April 25, 1781",1781,American Revolution (1775-1783),SC,USA,Great Britain,https://en.wikipedia.org/wiki/Battle_of_Hobkirk%27s_Hill,,,
Rocky Mount,34.539864,-80.875942,"August 1, 1780",1780,American Revolution (1775-1783),SC,Patriot Militia,Loyalist Militia,https://en.wikipedia.org/wiki/Battle_of_Rocky_Mount,,,
Hanging Rock,34.565667,-80.661792,"August 6, 1780",1780,American Revolution (1775-1783),SC,Patriot Militia,Loyalist Militia,https://en.wikipedia.org/wiki/Battle_of_Hanging_Rock,,,
Fishing Creek (Catawba Ford),34.635,-80.905833,"August 18, 1780",1780,American Revolution (1775-1783),SC,USA,Great Britain,https://en.wikipedia.org/wiki/Battle_of_Fishing_Creek,,,
Waxhaws (Waxhaw massacre or Buford's massacre),34.741953,-80.625792,"May 29, 1780",1780,American Revolution (1775-1783),SC,USA,Great Britain,https://en.wikipedia.org/wiki/Battle_of_Waxhaws,,,
Fishdam Ford,34.595064,-81.419636,"November 9, 1780",1780,American Revolution (1775-1783),SC,USA,Great Britain,https://en.wikipedia.org/wiki/Battle_of_Fishdam_Ford,,,
Musgrove Mill,34.593544,-81.852478,"August 18, 1780",1780,American Revolution (1775-1783),SC,Patriot Militia,Loyalist Militia,https://en.wikipedia.org/wiki/Battle_of_Musgrove_Mill,,,
Blackstock's Farm (Blackstock's Plantation or Hill),34.6793,-81.8124,"November 20, 1780",1780,American Revolution (1775-1783),SC,Patriot Militia,Great Britain,https://en.wikipedia.org/wiki/Battle_of_Blackstock%27s_Farm,,,
Williamson's Plantation (Huck's Defeat),34.865228,-81.175619,"July 12, 1780",1780,American Revolution (1775-1783),SC,Patriot Militia,Loyalist Militia,https://en.wikipedia.org/wiki/Huck's_Defeat,,,
Cowpens,35.136833,-81.816,"January 17, 1781",1781,American Revolution (1775-1783),SC,USA,Great Britain,https://en.wikipedia.org/wiki/Battle_of_Cowpens,,,
King's Mountain,35.11935,-81.39359,"October 7, 1780",1780,American Revolution (1775-1783),SC,Patriot Militia,Loyalist Militia,https://en.wikipedia.org/wiki/Battle_of_Kings_Mountain,,,
Aiken,33.639043,-81.724907,"February 11, 1865",1865,Civil War (1861-1865),SC,USA,CSA,https://en.wikipedia.org/wiki/Battle_of_Aiken,,,
Anderson,34.40516,-82.45207,"May 1, 1865",1865,Civil War (1861-1865),SC,USA,CSA,https://en.wikipedia.org/wiki/Battle_of_Anderson,,,
Legareville,32.7025,-80.048056,"December 25, 1863",1863,Civil War (1861-1865),SC,USA,CSA,https://en.wikipedia.org/wiki/Battle_of_Legareville,,,
Boykin's Mill,34.129,-80.579,"April 18, 1865",1865,Civil War (1861-1865),SC,USA,CSA,https://en.wikipedia.org/wiki/Battle_of_Boykin%27s_Mill,,,
Congaree Creek,33.960567,-81.038067,"February 15, 1865",1865,Civil War (1861-1865),SC,USA,CSA,https://en.wikipedia.org/wiki/Battle_of_Congaree_Creek,,,
Dingle's Mill,33.875833,-80.335833,"April 9, 1865",1865,Civil War (1861-1865),SC,USA,CSA,https://en.wikipedia.org/wiki/Battle_of_Dingle%27s_Mill,,,
"Pineberry Battery (Pineberry, Willtown, & White Point)",32.681667,-80.415,"April 29, 1862",1862,Civil War (1861-1865),SC,USA,CSA,"https://en.wikipedia.org/wiki/Engagements_at_Pineberry,_Willtown,_and_White_Point",,,
James Island (1782),32.7537185,-79.9526136,"November 14, 1782",1782,American Revolution (1775-1783),SC,USA,Great Britain,https://en.wikipedia.org/wiki/Battle_of_James_Island,,,
Sinking of USS Housatonic,32.718611,-79.804722,"February 17, 1864",1864,Civil War (1861-1865),SC,USA,CSA,https://en.wikipedia.org/wiki/Sinking_of_USS_Housatonic,,,
James Island (1865),32.66596,-79.99579,"February 10, 1865",1865,Civil War (1861-1865),SC,USA,CSA,https://en.wikipedia.org/wiki/Battle_of_James_Island_(1865),,,
Sinking of Petrel,32.7142827,-79.8178991,"July 28, 1861",1861,Civil War (1861-1865),SC,USA,CSA,https://en.wikipedia.org/wiki/Sinking_of_Petrel,,,
Pocotaligo (First),32.636944,-80.863333,"May 29, 1862",1862,Civil War (1861-1865),SC,USA,CSA,https://en.wikipedia.org/wiki/First_Battle_of_Pocotaligo,,,
Pocotaligo (Second) (Pocotaligo Bridge) (Yemassee),32.67366652,-80.85891778,"October 22, 1862",1862,Civil War (1861-1865),SC,USA,CSA,https://en.wikipedia.org/wiki/Second_Battle_of_Pocotaligo,,,
Rivers' Bridge,33.052778,-81.099722,"February 3, 1865",1865,Civil War (1861-1865),SC,USA,CSA,https://en.wikipedia.org/wiki/Battle_of_Rivers%27_Bridge,,,
Simmon's Bluff,32.695278,-80.228056,"June 21, 1862",1862,Civil War (1861-1865),SC,USA,CSA,https://en.wikipedia.org/wiki/Battle_of_Simmon%27s_Bluff,,,
Tulifinny,32.673,-80.879,"December 6–9, 1864",1864,Civil War (1861-1865),SC,USA,CSA,https://en.wikipedia.org/wiki/Battle_of_Tulifinny,,,
Attack on USS New Ironsides,32.725,-79.843,"October 5, 1863",1863,Civil War (1861-1865),SC,USA,CSA,https://en.wikipedia.org/wiki/Attack_on_USS_New_Ironsides,,,
Hatteras Inlet Batteries (Forts Hatteras and Clark),35.1864,-75.7645,"August 28-29, 1861",1861,Civil War (1861-1865),NC,USA,CSA,https://en.wikipedia.org/wiki/Battle_of_Hatteras_Inlet_Batteries,,,
Fort Anderson (Deep Gully),35.1383,-77.0358,"March 13-15, 1863",1863,Civil War (1861-1865),NC,USA,CSA,https://en.wikipedia.org/wiki/Battle_of_Fort_Anderson,,,
Charlotte,35.226944,-80.843333,"September 26, 1780",1780,American Revolution (1775-1783),NC,USA,Great Britain,https://en.wikipedia.org/wiki/Battle_of_Charlotte,,,
Cowan's Ford,35.4283,-80.9519,"February 1, 1781",1781,American Revolution (1775-1783),NC,USA,Great Britain,https://en.wikipedia.org/wiki/Battle_of_Cowan%27s_Ford,,,
Ramsour's Mill,35.4784,-81.2591,"June 20, 1780",1780,American Revolution (1775-1783),NC,USA,Great Britain,https://en.wikipedia.org/wiki/Battle_of_Ramsour%27s_Mill,,,
Salisbury,35.670957,-80.474322,"April 12, 1865",1865,Civil War (1861-1865),NC,USA,CSA,http://www.trading-ford.org/stoneman.html,,,
Guilford Court House,36.132,-79.844,"March 15, 1781",1781,American Revolution (1775-1783),NC,USA,Great Britain,https://en.wikipedia.org/wiki/Battle_of_Guilford_Court_House,,,
Alamance,36.008333,-79.520556,"May 16, 1771",1771,Insurrections & Rebellions,NC,North Carolina Provincial Militia,North Carolina Regulators,https://en.wikipedia.org/wiki/Battle_of_Alamance,,,
Elizabethtown,34.629033,-78.60573,"August 27, 1781",1781,American Revolution (1775-1783),NC,NC Patriots,"Great Britain, Loyalists",https://www.ncpedia.org/elizabethtown-battle,https://www.ncdcr.gov/blog/2016/08/27/battle-of-elizabethtown-culminated-at-the-tory-hole,,
Averasboro (Averasborough),35.320412,-78.600148,"March 16, 1865",1865,Civil War (1861-1865),NC,USA,CSA,https://en.wikipedia.org/wiki/Battle_of_Averasborough,,,
Bentonville,35.2532,-78.6708,"March 19–21, 1865",1865,Civil War (1861-1865),NC,USA,CSA,https://en.wikipedia.org/wiki/Battle_of_Bentonville,https://en.wikipedia.org/wiki/Bentonville_Battlefield,,
Moore's Creek Bridge,34.457455,-78.109612,"February 27, 1776",1776,American Revolution (1775-1783),NC,North Carolina Patriots,North Carolina Loyalists,https://en.wikipedia.org/wiki/Battle_of_Moore%27s_Creek_Bridge,,,
Fort Fisher (First),33.9715,-77.918,"December 23–27, 1864",1864,Civil War (1861-1865),NC,USA,CSA,https://en.wikipedia.org/wiki/First_Battle_of_Fort_Fisher,,,
Fort Fisher (Second),33.9717583,-77.9175718,"January 13–15, 1865",1865,Civil War (1861-1865),NC,USA,CSA,https://en.wikipedia.org/wiki/Second_Battle_of_Fort_Fisher,,,
Fort Anderson/Brunswick Town,34.0410687,-77.9459174,"February 16-19, 1865",1865,Civil War (1861-1865),NC,USA,CSA,https://www.ncdcr.gov/blog/2017/01/11/fall-fort-anderson-union-forces,,,
Fort Macon (Siege of),34.696111,-76.678889,"March 23–April 26, 1862",1862,Civil War (1861-1865),NC,USA,CSA,https://en.wikipedia.org/wiki/Siege_of_Fort_Macon,,,
New Bern (Berne),35.0428,-77.0148,"March 14, 1862",1862,Civil War (1861-1865),NC,USA,CSA,https://en.wikipedia.org/wiki/Battle_of_New_Bern,,,
New Bern (1864),35.0481152,-77.0157942,"February 1-3, 1864",1864,Civil War (1861-1865),NC,USA,CSA,https://en.wikipedia.org/wiki/Battle_of_New_Bern_(1864),,,
Kinston,35.2441,-77.5847,"December 14, 1862",1862,Civil War (1861-1865),NC,USA,CSA,https://en.wikipedia.org/wiki/Battle_of_Kinston,,,
Wyse Fork,35.224,-77.5297,"March 7-10, 1865",1865,Civil War (1861-1865),NC,USA,CSA,https://en.wikipedia.org/wiki/Battle_of_Wyse_Fork,,,
Washington (Siege of Little Washington),35.5443,-77.0601,"March 30–April 20, 1863",1863,Civil War (1861-1865),NC,USA,CSA,https://en.wikipedia.org/wiki/Battle_of_Washington,,,
Plymouth,35.86648,-76.7519,"April 17-20, 1864",1864,Civil War (1861-1865),NC,USA,CSA,https://en.wikipedia.org/wiki/Battle_of_Plymouth_(1864),,,
Elizabeth City,36.2742,-76.1421,"February 10, 1862",1862,Civil War (1861-1865),NC,USA,CSA,https://en.wikipedia.org/wiki/Battle_of_Elizabeth_City,,,
Roanoke Island,35.8783,-75.6678,"February 7-8, 1862",1862,Civil War (1861-1865),NC,USA,CSA,https://en.wikipedia.org/wiki/Battle_of_Roanoke_Island,,,
Thames (Moraviantown),42.5625,-81.931389,"October 5, 1813",1813,War of 1812 (1812-1815),CAN,USA,Great Britain & Native American tribes,https://en.wikipedia.org/wiki/Battle_of_the_Thames,,,
Beauport (Montmorency),46.890188,-71.147268,"July 31, 1759",1759,French & Indian War (1754–1763),CAN,Great Britain,"France, Canada",https://en.wikipedia.org/wiki/Battle_of_Beauport,,,
Quebec (1775),46.815,-71.202222,"December 31, 1775",1775,American Revolution (1775-1783),CAN,USA,Great Britain,https://en.wikipedia.org/wiki/Battle_of_Quebec_(1775),,,
Montreal,45.508889,-73.561667,July 2–September 9 1760,1760,French & Indian War (1754–1763),CAN,Great Britain,"France, Canada",https://en.wikipedia.org/wiki/Montreal_Campaign,,,
Longue-Pointe,45.5625,-73.530833,"September 25, 1775",1775,American Revolution (1775-1783),CAN,American & Quebec Militia,Great Britain,https://en.wikipedia.org/wiki/Battle_of_Longue-Pointe,,,
Chateauguay,45.1586,-73.9286,"October 26, 1813",1813,War of 1812 (1812-1815),CAN,USA,Canadian forces & Native American tribes,https://en.wikipedia.org/wiki/Battle_of_the_Chateauguay,,,
Crysler's Farm (Crysler's Field),44.934,-75.097,"November 11, 1813",1813,War of 1812 (1812-1815),CAN,USA,"Great Britain, Canada",https://en.wikipedia.org/wiki/Battle_of_Crysler%27s_Farm,,,
Lacolle Mills (1812) (Lacolle River),45.0813,-73.3726,"November 20, 1812",1812,War of 1812 (1812-1815),CAN,USA,"Great Britain, Canada",https://en.wikipedia.org/wiki/Battle_of_Lacolle_Mills_(1812),,,
Lacolle Mills (1814),45.0676,-73.3438,"March 30, 1814",1814,War of 1812 (1812-1815),CAN,USA,"Great Britain, Canada",https://en.wikipedia.org/wiki/Battle_of_Lacolle_Mills_(1814),,,
Fort Frontenac,44.233333,-76.478611,"August 26–28, 1758",1758,French & Indian War (1754–1763),CAN,Great Britain,France,https://en.wikipedia.org/wiki/Battle_of_Fort_Frontenac,,,
Frenchman's Creek,42.94227,-78.92645,"November 28, 1812",1812,War of 1812 (1812-1815),CAN,USA,"Great Britain, Canada",https://en.wikipedia.org/wiki/Battle_of_Frenchman%27s_Creek,,,
Norridgewock,44.767,-69.883306,"August 23, 1724",1724,Indian Wars (1609-1924),ME,New England colonists,Abenaki tribe,https://en.wikipedia.org/wiki/Battle_of_Norridgewock,,,
Penobscot Expedition (Castine) (Fort George),44.391,-68.8056,"July 24–August 14, 1779",1779,American Revolution (1775-1783),ME,USA,Great Britain,https://en.wikipedia.org/wiki/Penobscot_Expedition,,,
Pequawket (Lovewell's Fight),44.021,-70.936,"May 9, 1725",1725,Indian Wars (1609-1924),ME,British colonists,Abenaki tribe,https://en.wikipedia.org/wiki/Battle_of_Pequawket,,,
Falmouth (1690) (Fort Loyal),43.661472,-70.255306,"May 16–20, 1690",1690,French & Indian War - King William's War (1688–1697),ME,Massachusettes Bay Colony,"France, Wabanaki Confederacy",https://en.wikipedia.org/wiki/Battle_of_Falmouth_(1690),,,
Falmouth (1775) (Burning of Falmouth),43.654722,-70.253611,"October 18, 1775",1775,American Revolution (1775-1783),ME,New England colonists,Great Britain,https://en.wikipedia.org/wiki/Burning_of_Falmouth,,,
Fort William and Mary (Fort Constitution),43.071319,-70.710206,"December 14-15, 1774",1774,American Revolution (1775-1783),NH,USA,Great Britain,https://en.wikipedia.org/wiki/Fort_William_and_Mary#American_Revolution,,,
Plattsburgh (Lake Champlain),44.6804,-73.3756,"September 6–11, 1814",1814,War of 1812 (1812-1815),VT,USA,Great Britain,https://en.wikipedia.org/wiki/Battle_of_Plattsburgh,,,
Valcour Island (Valcour Bay),44.610556,-73.430278,"October 11, 1776",1776,American Revolution (1775-1783),VT,USA,Great Britain,https://en.wikipedia.org/wiki/Battle_of_Valcour_Island,,,
Hubbardton,43.7,-73.133333,"July 7, 1777",1777,American Revolution (1775-1783),VT,USA,Great Britain,https://en.wikipedia.org/wiki/Battle_of_Hubbardton,,,
Ogdensburg,44.698566,-75.492182,"February 22, 1813",1813,War of 1812 (1812-1815),NY,USA,Great Britain,https://en.wikipedia.org/wiki/Battle_of_Ogdensburg,,,
French Creek,44.263775,-76.029176,"November 1-2, 1813",1813,War of 1812 (1812-1815),NY,USA,Great Britain,https://www.mywarof1812.com/battles/1813-skirmish.html,,,
Crown Point,44.028819,-73.429441,"May 12, 1775",1775,American Revolution (1775-1783),NY,USA,Great Britain,http://www.fortwiki.com/Fort_Crown_Point,,,
Fort Ticonderoga,43.841389,-73.388056,"May 10, 1775",1775,American Revolution (1775-1783),NY,USA,Great Britain,https://en.wikipedia.org/wiki/Capture_of_Fort_Ticonderoga,,,
Fort William Henry,43.420278,-73.711111,"August 3–9, 1757",1757,French & Indian War (1754–1763),NY,Great Britain,France,https://en.wikipedia.org/wiki/Siege_of_Fort_William_Henry,,,
Fort St. George,40.756083,-72.880806,"November 23, 1780",1780,American Revolution (1775-1783),NY,USA,Great Britain,https://en.wikipedia.org/wiki/Battle_of_Fort_St._George,,,
Lake George,43.429,-73.68,"September 8, 1755",1755,French & Indian War (1754–1763),NY,Great Britain,France,https://en.wikipedia.org/wiki/Battle_of_Lake_George,,,
Saratoga,42.998889,-73.6375,"September 19 & October 7, 1777",1777,American Revolution (1775-1783),NY,USA,Great Britain,https://en.wikipedia.org/wiki/Battles_of_Saratoga,,,
Bennington,42.938611,-73.304444,"August 16, 1777",1777,American Revolution (1775-1783),NY,USA,Great Britain,https://en.wikipedia.org/wiki/Battle_of_Bennington,,,
Sackett's Harbor (First),43.950004,-76.124656,"July 19, 1812",1812,War of 1812 (1812-1815),NY,USA,Great Britain,https://en.wikipedia.org/wiki/First_Battle_of_Sacket%27s_Harbor,,,
Sackett's Harbor (Second),43.947084,-76.127682,"May 28-29, 1813",1813,War of 1812 (1812-1815),NY,USA,Great Britain,https://en.wikipedia.org/wiki/Second_Battle_of_Sacket%27s_Harbor,,,
Fort Oswego (1756),43.461667,-76.514167,"August 10–14, 1756",1756,French & Indian War (1754–1763),NY,Great Britain,France,https://en.wikipedia.org/wiki/Battle_of_Fort_Oswego,,,
Fort Oswego (1814),43.466324,-76.508209,"May 6, 1814",1814,War of 1812 (1812-1815),NY,USA,Great Britain,https://en.wikipedia.org/wiki/Battle_of_Fort_Oswego_(1814),,,
Fort Stanwix (Fort Schuyler),43.210556,-75.45525,"August 2–22, 1777",1777,American Revolution (1775-1783),NY,USA,Great Britain,https://en.wikipedia.org/wiki/Siege_of_Fort_Stanwix,,,
Oriskany,43.176667,-75.37,"	August 6, 1777",1777,American Revolution (1775-1783),NY,USA,Great Britain,https://en.wikipedia.org/wiki/Battle_of_Oriskany,,,
Newtown,42.045278,-76.733333,"August 29, 1779",1779,American Revolution (1775-1783),NY,USA,Great Britain,https://en.wikipedia.org/wiki/Battle_of_Newtown,,,
Fort George,43.250833,-79.061111,"May 25–27, 1813",1813,War of 1812 (1812-1815),CAN,USA,Great Britain,https://en.wikipedia.org/wiki/Battle_of_Fort_George,,,
York,43.695197,-79.450594,"April 27, 1813",1813,War of 1812 (1812-1815),CAN,USA,"Great Britain, Canada",https://en.wikipedia.org/wiki/Battle_of_York,,,
Queenston Heights,43.16192,-79.05049,"October 13, 1812",1812,War of 1812 (1812-1815),CAN,USA,"Great Britain, Canada",https://en.wikipedia.org/wiki/Battle_of_Queenston_Heights,,,
Stoney Creek,43.218333,-79.764167,"June 6, 1813",1813,War of 1812 (1812-1815),CAN,USA,Great Britain,https://en.wikipedia.org/wiki/Battle_of_Stoney_Creek,,,
Lundy's Lane (Niagara Falls),43.0891,-79.0955,"July 25, 1814",1814,War of 1812 (1812-1815),CAN,USA,Great Britain,https://en.wikipedia.org/wiki/Battle_of_Lundy%27s_Lane,,,
Chippawa,43.052127,-79.02472,"July 5, 1814",1814,War of 1812 (1812-1815),CAN,USA,Great Britain,https://en.wikipedia.org/wiki/Battle_of_Chippawa,,,
Fort Erie (Siege of),42.893351,-78.923969,"August 4–September 21, 1814",1814,War of 1812 (1812-1815),CAN,USA,"Great Britain, Canada",https://en.wikipedia.org/wiki/Siege_of_Fort_Erie,,,
Fort Erie (1866),42.89667,-78.92515,"June 2, 1866",1866,Insurrections & Rebellions,CAN,Fenian Brotherhood,Province of Canada,https://en.wikipedia.org/wiki/Battle_of_Fort_Erie_(1866),,,
Fort Niagra,43.262691,-79.063314,"July 6–26, 1759",1759,French & Indian War (1754–1763),NY,Great Britain,France,https://en.wikipedia.org/wiki/Battle_of_Fort_Niagara,,,
Fort Niagara (Capture of),43.077539,-79.015561,"December 19, 1813",1813,War of 1812 (1812-1815),NY,USA,Great Britain,https://en.wikipedia.org/wiki/Capture_of_Fort_Niagara,,,
Black Rock,42.928117,-78.898058,"July 11, 1813",1813,War of 1812 (1812-1815),NY,USA,Great Britain,https://en.wikipedia.org/wiki/Raid_on_Black_Rock,,,
Buffalo,42.936389,-78.897778,"December 30, 1813",1813,War of 1812 (1812-1815),NY,USA,Great Britain,https://en.wikipedia.org/wiki/Battle_of_Buffalo,,,
Kingston,41.926942,-73.997761,"October 16, 1777",1777,American Revolution (1775-1783),NY,USA,Great Britain,https://en.wikipedia.org/wiki/Burning_of_Kingston,https://www.nps.gov/nr/travel/kingston/revolt.htm,,
Fort Clinton & Fort Montgomery,41.322778,-73.989722,"October 6, 1777",1777,American Revolution (1775-1783),NY,USA,Great Britain,https://en.wikipedia.org/wiki/Battle_of_Forts_Clinton_and_Montgomery,,,
Minisink,41.488889,-74.970833,"July 19–22, 1779",1779,American Revolution (1775-1783),NY,USA,Great Britain & Iroquois Confederacy,https://en.wikipedia.org/wiki/Battle_of_Minisink,,,
Stony Point,41.241,-73.974,"July 16, 1779",1779,American Revolution (1775-1783),NY,USA,Great Britain,https://en.wikipedia.org/wiki/Battle_of_Stony_Point,,,
Baylor Massacre (Tappan Massacre),41.012896,-74.008144,"September 27, 1778",1779,American Revolution (1775-1783),NY,USA,Great Britain,https://en.wikipedia.org/wiki/Baylor_Massacre,,,
White Plains,41.04,-73.778611,"October 28, 1776",1776,American Revolution (1775-1783),NY,USA,Great Britain & Hesse-Kassel,https://en.wikipedia.org/wiki/Battle_of_White_Plains,,,
Harlem Heights,40.809,-73.956,"September 16, 1776",1776,American Revolution (1775-1783),NY,USA,Great Britain,https://en.wikipedia.org/wiki/Battle_of_Harlem_Heights,,,
Long Island (Brooklyn or Brooklyn Heights),40.666,-73.966,"August 26, 1776",1776,American Revolution (1775-1783),NY,USA,Great Britain,https://en.wikipedia.org/wiki/Battle_of_Long_Island,,,
Meigs Raid (Sag Harbor),40.996667,-72.292222,"May 24, 1777",1777,American Revolution (1775-1783),NY,USA,Great Britain,https://en.wikipedia.org/wiki/Meigs_Raid,,,
Fort Washington,40.852778,-73.938056,"November 16, 1776",1776,American Revolution (1775-1783),NY,USA,Great Britain & Hesse-Kassel,https://en.wikipedia.org/wiki/Battle_of_Fort_Washington,,,
Ridgefield,41.305278,-73.501389,"April 27, 1777",1777,American Revolution (1775-1783),CT,USA,Great Britain,https://en.wikipedia.org/wiki/Battle_of_Ridgefield,,,
Groton Heights (Fort Griswold),41.353611,-72.079444,"September 6, 1781",1781,American Revolution (1775-1783),CT,USA,Great Britain & Hesse-Kassel,https://en.wikipedia.org/wiki/Battle_of_Groton_Heights,,,
Stonington,41.335995,-71.90651,"August 9, 1814",1814,War of 1812 (1812-1815),CT,USA,Great Britain,https://www.stoningtonhistory.org/exhibits/battle-of-stonington/,https://www.ctexplored.org/war-of-1812-stonington/,,
Rhode Island (Quaker Hill or Newport),41.596,-71.263,"August 29, 1778",1778,American Revolution (1775-1783),RI,"USA, France, Canadian Volunteers",Great Britain,https://en.wikipedia.org/wiki/Battle_of_Rhode_Island,,,
Chepachet Church (Dorr's Rebellion),41.918467,-71.672741,"June 27, 1842",1842,Insurrections & Rebellions,RI,Rhode Island Charterites,Rhonde Island Dorrites,https://en.wikipedia.org/wiki/Dorr_Rebellion,http://www.dorrrebellion.org/index.htm,https://www.chepachetbaptist.org/dorrrebellion1.htm,
"Fort Massachusetts, Massachusetts (Siege of)",42.7008,-73.1092,"August 19–20, 1746",1746,French & Indian War - King George's War (1744-1748),MA,"France, Native American tribes",Great Britain,https://en.wikipedia.org/wiki/Siege_of_Fort_Massachusetts,,,
Shay's Rebellion (Springfield Armory),42.108056,-72.581667,"January 25, 1787",1787,Insurrections & Rebellions,MA,"USA, State Militia, Private Militia",Anti-government Protesters,https://en.wikipedia.org/wiki/Shays%27_Rebellion,https://en.wikipedia.org/wiki/Springfield_Armory,,
Boston Tea Party,42.321254,-71.047945,"December 16, 1773",1773,Insurrections & Rebellions,MA,"Colonists, Sons of Liberty","Great Britain, East India Co.",https://en.wikipedia.org/wiki/Boston_Tea_Party,,,
Bunker Hill (Breed's Hill),42.376361,-71.060778,"June 17, 1775",1775,American Revolution (1775-1783),MA,United Colonies,Great Britain,https://en.wikipedia.org/wiki/Battle_of_Bunker_Hill,https://en.wikipedia.org/wiki/Bunker_Hill_Monument,,
Lexington,42.449639,-71.230833,"April 19, 1775",1775,American Revolution (1775-1783),MA,Massachusettes Bay Colony,Great Britain,https://en.wikipedia.org/wiki/Battles_of_Lexington_and_Concord,,,
Concord,42.469039,-71.350578,"April 19, 1775",1775,American Revolution (1775-1783),MA,Massachusettes Bay Colony,Great Britain,https://en.wikipedia.org/wiki/Battles_of_Lexington_and_Concord,,,
Paulus Hook,40.70757,-74.03961,"August 19, 1779",1779,American Revolution (1775-1783),NJ,USA,Great Britain,https://en.wikipedia.org/wiki/Battle_of_Paulus_Hook,,,
Springfield,40.7101,-74.3069,"June 23, 1780",1780,American Revolution (1775-1783),NJ,USA,Great Britain & Hesse-Kassel,https://en.wikipedia.org/wiki/Battle_of_Springfield,,,
